__id	__seed	記録の扱い	タイトル	種類	領域	一言要約	タグ	頻度	最終実施日	何をしたか	いつ・どこで	自分の役割	関係者	結果・変化	証拠・具体例	紐づくID	期限	裁量	関係者の広さ	不確実性	条件タグ	好き度	消耗度	扱える範囲	数字・データ	言葉・文脈	人・利害	現場運用	制作・表現	技術・仕組み	振り返りメモ	反証・うまくいかなかった条件	次に試すこと・代替策	面接での利用	一言で言うと	再現できる条件	他社でも通じる言い換え	応募先・用途タグ
sample-work-integrated-promotion	work-integrated-promotion	事実	企画から告知・当日運用・振り返りまでを一気通貫で回す	能力・知識	仕事	試合・イベント案件を、企画設計から発信、現場、振り返りまで分断せずに扱う。	浦和レッズ | 広報 | プロモーション | プロジェクト推進	繰り返し		試合・イベントの企画、チケット販促、発信、当日運用、振り返りをまたいで担当している	浦和レッズ在籍3年目までの継続実務	広報・プロモーション担当	社内各部署、制作会社、会場運営、パートナー、メディア	案件の前後工程をつなげて進める経験を蓄積した	"職務経歴書の担当領域
企画書・告知物・進行表・振り返り資料"		短納期	中程度	社外含む	例外あり	目的が明確 | 判断期限あり | 現場運用あり | 関係者が多い | 文章化が必要	5	3	4	2	3	3	3	2	1	企画意図、対象者、判断期限、現場で起きる例外を一枚に近づけると、後工程の手戻りが減る。	決裁者や目的が不明確な状態では、進行管理だけでは前に進まない。	案件ごとに『企画・告知・現場・検証』を一枚で追える設計を定型化する。	使う	企画から告知、現場運用、振り返りまでを分断せずに進める。	目的、対象者、決裁者、期限を初期に共有できる案件	統合コミュニケーション設計・プロジェクト推進	PARK | ShapePartner | OZMA | PM | Producer
sample-work-ticket-segmentation	work-ticket-segmentation	事実	来場者層を分け、チケット施策の対象と目的を設計する	能力・知識	仕事	来場者層の違いを前提に、試合ごとの狙い・訴求・販売導線を考える。	チケット | CRM | セグメント | 集客	繰り返し		1・3・5・7層などの来場者区分を前提に、試合別の来場促進や最終節の訴求を検討した	2024年以降のチケット販促実務	広報・販売促進	広報、チケット、営業、制作、ファンコミュニケーション	全体平均だけでは見えない対象者ごとの課題を施策へ接続した	"チケット販売・発券の集計資料
試合別の告知設計メモ"		期限あり	中程度	複数部署	例外あり	数字が見える | 目的が明確 | 文章化が必要 | 関係者が多い	4	2	4	3	2	2	1	1	1	数字を見るだけでなく、その層が来場を迷う理由と、次に取ってほしい行動を置くと施策になる。	層の定義やデータ取得の粒度が揃っていないと、施策の評価が曖昧になる。	各層ごとに『障壁・訴求・導線・見る指標』を同じ形式で残す。	使う	来場者の違いを前提に、販売・発信・体験の打ち手を組み立てる。	対象データと事業上の目的が共有されているとき	顧客セグメント設計・来場促進	ファンベース | CRM | マーケティング
sample-work-opening-kashima-report-2026	work-opening-kashima-report-2026	事実	2026年開幕・鹿島戦のデジタル施策を数値で振り返る	実例	仕事	広告・SNS等の反応を、接触からコンバージョンまで追い、振り返りに使う。	広告 | SNS | KPI | レポート | 鹿島戦	単発		2026年開幕戦（鹿島戦）の施策レポートで、週別・日別の広告／SNS指標を整理した	2026年2月13日〜2月27日	レポート確認・活用	広報・プロモーション、広告関係者	impressions 4,026,474、link click 7,169、engagement 42,265、総CV 6,096を確認できる形にした	"2026年開幕戦（鹿島戦）レポート
impressions 4,026,474
link click 7,169
engagement 42,265
総CV 6,096"		期限あり	中程度	複数部署	定型	数字が見える | 目的が明確 | 文章化が必要	4	2	4	3	2	1	1	0	2	媒体ごとの数字を並べるだけでなく、次の打ち手に使う比較軸を明確にする。	CVの定義や計測範囲を確認しないと、媒体間比較を誤る。	施策前の仮説と、施策後の数値変化を同じレポート内で接続する。	使う	接触・反応・CVをつなげ、広告施策を次の判断に使えるレポートにする。	計測定義と目的KPIが共有されているとき	デジタルマーケティング分析・施策評価	マーケティング | データ | PM
sample-work-ticket-kpi-table	work-ticket-kpi-table	事実	チケット・施策数値を、判断できる表に整える	能力・知識	仕事	販売・発券・PV・反応などの数値を、進捗と判断材料が読める形にする。	Excel | Googleスプレッドシート | KPI | データ | 集客	繰り返し		チケットや施策の数値を集計し、比較・進捗・課題が読める表に整えた	継続	主担当	広報、営業、関係部署	数字を施策の判断材料として共有しやすくした	"集計シート
KPIレポート
施策振り返り資料"		期限あり	高い	複数部署	定型	数字が見える | 目的が明確 | 裁量あり	4	2	4	3	1	1	1	0	2	単に集計するより、比較対象と次の判断を同じ画面に置くと価値が出る。	元データの定義が揃っていない場合は、まず前提確認が必要。	定例で使う数表をテンプレート化する。	候補	数字を、関係者が次の判断をできる形に整える。	データ定義と意思決定の用途が共有されているとき	事業KPIの可視化・意思決定支援	データ | Excel | Tableau
sample-work-hot-summer-2026	work-hot-summer-2026	事実	URAWA HOT SUMMERの集客・体験を横断して設計する	実例	仕事	夏のテーママッチで、会場体験と来場促進を結び、企画・告知・運営を進める。	URAWA HOT SUMMER | テーママッチ | 集客 | 会場体験	単発		2026年7月20日町田戦に向け、やぐら、夏祭り、キャップ配布、学校訪問、YouTube等を含む施策を準備した	2026年6〜7月の準備	企画・告知・進行	社内各部署、制作、学校、メディア、会場運営	集客目標と会場体験を接続するための施策群を整理した	"URAWA HOT SUMMER企画資料
与野八幡小学校訪問（約580人）
メディア10社対応
チケット進捗メモ"		短納期	中程度	社外含む	例外あり	目的が明確 | 判断期限あり | 現場運用あり | 関係者が多い | 文章化が必要	5	3	4	2	3	3	3	3	1	『夏らしさ』を飾りにせず、来場する理由・当日の体験・発信素材へ落とす必要がある。	単発の話題性だけでは、販売目標に対する効き方が見えにくい。	施策ごとに、来場前・会場・来場後で果たす役割を明文化する。	使う	会場体験・来場促進・発信を、テーママッチの一つの体験として設計する。	企画テーマと集客課題を同時に扱える案件	イベントマーケティング・ファンエンゲージメント	イベント | ファンベース | PM
sample-work-enjitsu-2026	work-enjitsu-2026	事実	炎日（川崎戦）の地域性と会場体験を企画する	実例	仕事	地域の祭りとの競合も踏まえ、提灯・やぐら・餅まき等の体験設計を検討する。	炎日 | 地域連携 | イベント | 会場運営	単発		2026年8月24日川崎戦に向け、提灯、やぐら、餅まき、DJ、OB・レディース施策などを含む企画を検討した	2026年6月時点の準備	企画・調整	社内、地域、OB・レディース、会場運営、制作	地域祭りとの競合や季節性を含め、開催時期・体験の課題を整理した	"炎日企画メモ
提灯募集状況メモ
販売進捗資料"		期限あり	中程度	社外含む	前例なし	現場運用あり | 関係者が多い | 前例なし | 数字が見える	4	3	3	2	3	3	3	2	0	『地域にある祭り』とクラブ主催イベントの違いを先に定義しないと、企画の必然性が薄くなる。	地域行事との競合が強い場合、内容の魅力だけで来場を動かし切れない。	季節・競合・来場者層を踏まえた開催時期の比較案をつくる。	候補	地域文脈と会場体験を踏まえ、イベントの必然性を組み立てる。	地域との関係性と事業目的を両立させる案件	地域連携イベント企画	地域連携 | イベント
sample-work-opening-promo-corso-parco	work-opening-promo-corso-parco	事実	商業施設を使った開幕プロモーションの掲出物を進行する	実例	仕事	コルソ・パルコ等での掲出に向け、入稿物、納期、費用、設置条件を整理する。	OOH | 開幕 | コルソ | パルコ | 進行管理	単発		コルソでの4日間掲出を含む開幕プロモーションについて、特大バナー、B1パネル、等身大、撮影ボード等の制作・入稿条件を整理した	2026年6〜7月	制作進行・調整	商業施設、制作チーム、社内関係者	掲出サイズ・納期・予算を制作物ごとに整理した	"掲出物リスト
入稿日メモ（特大バナー・B1パネル 7/3、等身大・撮影ボード 7/7）
予算100万円の整理"		短納期	中程度	社外含む	例外あり	判断期限あり | 関係者が多い | 現場運用あり | 文章化が必要	3	4	4	1	2	3	3	2	0	同じ『ポスター』でも、掲出場所・用途・入稿条件が違う。制作物単位で前提を分ける。	施設側の仕様や調整状況が未確定だと、デザイン着手の判断が遅れる。	サイズ・納期・確認者・入稿形式を一行で追える進行表に統一する。	使う	複数媒体の掲出物を、仕様・納期・意思決定まで含めて進行する。	媒体仕様と制作工程を早期に並べられる案件	OOH制作進行・販促プロジェクト管理	Producer | PM | 広告
sample-work-blue-kit-kv	work-blue-kit-kv	事実	『レッズは、青い』のKV要件を言葉と画面に落とす	実例	仕事	薄い青基調・赤最小・左に選手・右にコピーという制約から、メッセージと見せ方を整理する。	KV | コピー | アートディレクション | ユニフォーム	単発		青ユニフォームのKVについて、コピー『レッズは、青い』、配色、選手配置、タイポの要件を整理した	2026年6月	企画・制作ディレクション	制作チーム、社内関係者	短いコピーと視覚要件を、制作へ渡せる状態にした	"KV制作依頼メモ
コピー案・配色・レイアウト要件"		期限あり	中程度	複数部署	例外あり	文章化が必要 | 目的が明確 | 制作・表現を扱う	5	2	4	0	3	2	1	3	0	コピーを説明文にせず、視覚の判断を進める『核』にする。	コピーだけが先行し、クラブ文脈や受け手の受け取り方が薄いと、強さが記号化する。	1行コピーごとに、視覚・媒体・想定受け手をセットで比較する。	候補	言葉と視覚の制約を整理し、制作判断の核になるコピーをつくる。	ブランド文脈と制作要件が両方ある案件	コンセプト開発・クリエイティブディレクション	PARK | SIGNING | ブランディング
sample-work-kids-park-banner	work-kids-park-banner	事実	ファミリー向け施設サインを、長期運用前提で設計する	実例	仕事	必須文言・マスコット・大判サイズ・長期使用を前提に、情報量と見やすさを整理する。	ファミリー | サイン | キッズぱ〜く | 制作進行	単発		W5600×H2800のキッズぱ〜く壁面バナーで、必須文言『ファミリーシート専用キッズぱ〜く』、4体マスコット、長期使用を前提に要件を整理した	2026年6月	要件整理・制作依頼	制作チーム、会場運営、ファミリー施策担当	現場での視認性と長期使用を両立する制作条件を明文化した	"壁面バナー制作要件
サイズ W5600×H2800"		期限あり	中程度	複数部署	定型	現場運用あり | 文章化が必要 | 目的が明確	4	2	4	0	2	2	3	3	0	『誰のための場所か』を最初に読めるようにし、装飾は役割を補強するために使う。	短期イベント用のテンションで作ると、長期掲出で情報が疲れる。	設置距離別の見え方を確認するラフチェックを定型化する。	候補	利用者・設置環境・長期運用を踏まえて、現場で機能するサインに落とす。	利用者と設置場所が明確な環境	環境グラフィック・顧客体験設計	CX | デザイン
sample-work-cinema-ad-spec	work-cinema-ad-spec	事実	シネアド出稿の規定と入稿日を、制作チームが動ける情報にする	実例	仕事	複数映画館の媒体仕様・開始希望日・素材条件を調べ、制作チーム向けに整理する。	シネアド | 媒体出稿 | 入稿 | 制作進行	単発		ユナイテッド・シネマ浦和、イオンシネマ浦和美園、MOVIX川口、イオンシネマ川口での15秒出稿に向け、規定・入稿日・制作条件を整理した	2026年6月	調査・制作連携	映画館媒体社、制作チーム、社内関係者	制作チームが判断・制作着手できる情報に変換した	"映画館4館の出稿予定
15秒素材の制作条件メモ"		期限あり	高い	社外含む	例外あり	目的が明確 | 判断期限あり | 文章化が必要 | 関係者が多い	4	2	4	1	2	2	2	1	1	調査結果を羅列せず、『誰がいつ何を判断すれば制作が進むか』に並べ替える。	媒体社ごとの回答待ちが残ると、確定情報と仮情報が混ざる。	媒体ごとに『確定・確認中・制作判断に必要』を色分けする。	候補	複数媒体の仕様を、制作が進む判断情報へ翻訳する。	媒体仕様と希望開始日を早期に集められる案件	メディアプランニング支援・制作進行	広告 | Producer
sample-work-community-events	work-community-events	事実	地域イベントの年間日程を、クラブ施策の検討材料として整理する	実例	仕事	水かけ祭りや区民イベントなど、地域の予定を一覧化し、クラブの参加・連携の判断に使う。	地域連携 | イベント | 年間計画 | ホームタウン	繰り返し		2026年7月〜11月の地域イベント日程を整理し、水かけ祭り、南区、桜区、緑区・美園、中央区、浦和区の機会を把握した	2026年6月	情報整理・企画検討	地域団体、自治体、社内関係者	地域連携の候補を、日程とエリアの観点で比較できる状態にした	地域イベント日程メモ		余裕あり	高い	社外含む	例外あり	裁量あり | 目的が明確 | 関係者が多い	4	2	3	1	2	3	2	1	0	単発参加ではなく、地域・季節・クラブ側の目的を重ねると連携の筋が出る。	日程一覧だけでは、地域にとっての意味や運営負荷が見えない。	各イベントに『地域側の目的・クラブ側の価値・必要資源』を追記する。	候補	地域の予定とクラブの目的を重ね、連携機会を設計する。	地域側の関心とクラブの役割を確認できるとき	地域連携・コミュニティマーケティング	社会連携 | 地域
sample-work-what-can-i-do	work-what-can-i-do	事実	『What Can I Do?』の宣言を、会見・映像・社内浸透までつなげる	実例	仕事	新社長・SDの概念宣言を、メディア会見、試合前映像、SNS、社内へ一貫して伝える準備をする。	理念浸透 | 会見 | 映像 | 社内コミュニケーション	単発		2026年7月5日に向け、新社長とSDの概念宣言について、会見台本、Q&A、宣言文投影、試合前映像の運用条件、SNS体制、社内浸透を整理した	2026年6〜7月の準備	広報設計・進行	社長、SD、監督、広報、制作、メディア、社内各部署	言葉だけの宣言にせず、発信と運用の接点を設計した	"会見台本
宣言文投影案
Ask / Act / Proveの整理
試合前映像Mode A/B/Cの運用メモ"		短納期	中程度	社外含む	前例なし	目的が明確 | 判断期限あり | 関係者が多い | 文章化が必要 | 前例なし	5	3	4	0	3	3	2	2	1	理念は文章の出来だけでなく、誰がどの場面で判断に使うかまで設計して初めて浸透に近づく。	勝敗や現場の空気と切り離して発信すると、宣言が形式だけに見える。	宣言内容を、日常業務での具体的な判断例へ変換する。	使う	抽象的な理念を、会見・映像・SNS・社内運用で使える言葉と判断に落とす。	組織の意志を、複数チャネルで一貫して伝える必要がある案件	ブランドストーリー設計・組織コミュニケーション	PARK | inquire | ブランディング
sample-work-matchday-video-conditions	work-matchday-video-conditions	事実	試合前映像の出し分けを、勝敗や内容に応じた運用ルールにする	実例	仕事	映像表現を固定せず、未勝利時も含めた出し分けと判断者をあらかじめ定める。	映像 | 運用設計 | 試合日 | 判断基準	単発		試合前映像をMode A/B/Cに分け、未勝利時の扱い、判断者、復帰条件を事前に整理した	2026年7月の宣言浸透設計	運用設計・広報	広報責任者、監督、SD、制作、SNS担当	表現の方向性を、現場で迷わない判断ルールにした	"Mode A/B/C運用メモ
判断者・復帰条件の整理"		期限あり	中程度	複数部署	前例なし	判断期限あり | 前例なし | 現場運用あり | 関係者が多い	4	2	4	0	3	2	3	2	1	『良い表現』を作るだけでなく、良くない状況でもどう使うかを決めると運用が強くなる。	判断者が多すぎると、試合直前に意思決定が遅れる。	判断に必要な情報と連絡導線を、試合日の時系列に置く。	候補	表現を現場で迷わず使える、条件付きの運用ルールに変える。	状況変化に応じて発信を切り替える必要がある案件	コンテンツ運用設計・危機時コミュニケーション	PR | コンテンツ
sample-work-school-invitation-2627	work-school-invitation-2627	事実	県内小学生2,627人招待を、告知・申込・KVまで設計する	実例	仕事	県内小学生招待の対象・日程・申込期間・KV要件を、一貫した募集導線にする。	招待施策 | 小学生 | KV | 申込導線	単発		2026年8月1日のRB大宮戦に向け、埼玉県内小学生2,627人招待、申込期間、会場、KVの必須要素を整理した	2026年6〜7月の準備	企画・告知・制作進行	学校・保護者、制作、チケット、会場運営	『2,627人ご招待』を主役にした募集導線とKV要件を作成した	"対象：埼玉県内小学生2,627人
申込：7月2日10:00〜7月15日23:59
KV要件：マスコット・右側写真素材風・3階層タイポ"		短納期	中程度	社外含む	定型	目的が明確 | 判断期限あり | 文章化が必要 | 現場運用あり	5	2	4	2	3	2	2	3	1	招待人数を単なる数字にせず、対象者が『自分ごと』にできる募集体験へ変える。	保護者が判断する施策では、子ども向けの見た目だけでは申込の不安が残る。	子ども向けの魅力と保護者向けの安心情報を分けて設計する。	使う	招待人数・対象者・KV・申込導線をつなげ、参加を具体的な行動へ変える。	対象者と申込障壁が明確な集客案件	キャンペーン設計・ファミリーマーケティング	ファミリー | キャンペーン
sample-work-rex-fanmeeting	work-rex-fanmeeting	事実	REX限定の選手ファンミーティングを設計する	実例	仕事	節目となる選手の記録と会員価値をつなげ、限定イベントの対象・体験・運用を考える。	ファンクラブ | REX | 会員施策 | イベント	単発		西川周作600試合に合わせ、REX限定『SHUSAKU FAN MEETING』を検討・準備した	2026年8月に向けた準備	会員施策・企画	ファンクラブ、選手、運営、会員	選手の節目を会員接点に変える企画を扱った	"REX限定イベント企画メモ
西川周作600試合の節目"		期限あり	中程度	複数部署	例外あり	目的が明確 | 現場運用あり | 関係者が多い	5	2	3	1	3	3	2	2	0	記録の大きさと会員が得る特別感を、同じ体験の中で見せる。	限定性だけを強めると、参加できない会員への説明が弱くなる。	参加者・非参加者の両方に残るコンテンツ導線を考える。	候補	選手の節目を、会員の帰属意識につながる体験へ変える。	既存ファンとの関係を深める施策	CRM・会員エンゲージメント	ファンベース | CRM
sample-work-rex-parent-child	work-rex-parent-child	事実	親子向けREXイベントを、人数・選手・導線まで運用設計する	実例	仕事	練習後の親子イベントを、少人数枠・選手参加・当日動線を含めて準備する。	親子 | REX | イベント運営 | ファミリー	単発		2026年8月の親子イベントについて、各回10組×2、選手3〜5名×2という枠と運用を整理した	2026年8月に向けた準備	企画・当日運用設計	会員、親子、選手、運営	小規模イベントの参加条件と当日運用を具体化した	"親子イベント枠：各回10組×2
選手参加：3〜5名×2"		期限あり	中程度	複数部署	例外あり	現場運用あり | 関係者が多い | 目的が明確	4	3	3	1	2	3	3	1	0	少人数イベントは『枠数』より、受付・待機・選手との接点の密度が満足度を左右する。	選手スケジュールが変動すると、参加体験の設計が崩れやすい。	選手人数が変わっても成立する代替プログラムを準備する。	候補	少人数イベントを、参加者の体験と現場運用の両方から設計する。	対象人数と当日の制約が把握できるイベント	イベントオペレーション・顧客体験設計	イベント | ファミリー
sample-work-transfer-release	work-transfer-release	事実	選手移籍リリースを、正確さとクラブ文脈を両立して整える	実例	仕事	年齢・経歴・出場記録・コメントなどを確認し、公式発表として整える。	リリース | 選手移籍 | 校正 | メディア対応	繰り返し		石原広教選手の完全移籍発表に際し、リリース原稿の事実確認・構成・表現を扱った	2026年6月	広報・原稿確認	選手、強化、広報、メディア、ファン	公式発表で必要な正確性と読みやすさを両立する作業を行った	"移籍発表原稿
選手プロフィール・出場記録"		短納期	中程度	複数部署	定型	文章化が必要 | 判断期限あり | 目的が明確	4	2	4	1	3	2	1	1	0	定型の中でも、誤記の防止と、読者が知りたい順番を両方見る。	一次情報の確認が遅れると、表現調整以前に発表の精度が担保できない。	移籍リリース用の確認チェックリストを更新する。	使う	公式発表に必要な正確性と、受け手が理解しやすい構成を両立する。	事実確認の担当と締切が明確な発信	コーポレートコミュニケーション・編集	PR | 広報
sample-work-crisis-releases	work-crisis-releases	事実	センシティブな事案のリリースを、事実・対応・再発防止に分けて伝える	実例	仕事	中指行為、横断幕ルール違反、駐車場冠水による中止等の発信を扱い、表現と必要情報を整理する。	危機対応 | お知らせ | ルール | 謝罪 | 運用改善	繰り返し		中指行為の第1報・第2報、横断幕ルール違反、駐車場冠水中止等のリリース文面を扱った	2026年6月を含む継続実務	広報・文面整理	クラブ、運営、関係者、来場者、メディア、ファン	事実、来場者に必要な行動、クラブの対応を分けて発信する実務を積んだ	"該当リリース原稿
問い合わせ・運用メモ"		当日対応	中程度	社外含む	例外あり	判断期限あり | 文章化が必要 | 現場運用あり | 関係者が多い	2	5	4	1	3	3	3	0	0	感情的な評価を足さず、事実・対応・来場者が今取る行動を分けると、文面の役割が明確になる。	事実確認が不十分な段階で断定すると、訂正や不信につながる。	緊急発信の初報／続報のテンプレートと確認フローを整理する。	使う	センシティブな状況でも、必要な事実と行動を誤解なく伝える。	事実確認と最終判断の導線が確保できる状況	危機管理広報・リスクコミュニケーション	PR | 危機対応
sample-work-media-comment-response	work-media-comment-response	事実	記者からのコメント依頼に、想定別の素材を用意して返す	実例	仕事	試合結果が未確定の取材依頼に対し、活躍して勝利／活躍して敗戦／ミスを含む敗戦などの条件別にコメントを準備する。	メディア対応 | コメント | シナリオ | 広報	繰り返し		彩艶選手に関する観戦コメント依頼に対し、試合展開別のコメント案を検討した	2026年6月	広報・取材対応	新聞社、広報、試合関係者	試合後の短時間でも事実に沿って返せる準備を行った	"埼玉新聞からのコメント依頼
条件別コメント案"		当日対応	中程度	社外含む	前例なし	判断期限あり | 文章化が必要 | 現場運用あり	3	4	4	0	3	3	2	1	0	予測ではなく、起こりうる条件ごとに『事実が確認できたら使える表現』を置く。	事前案をそのまま使うと、試合の実態とずれる危険がある。	試合後に確認すべき事実項目をコメント案の横に置く。	候補	不確実な状況でも、事実に沿った取材対応を短時間で組み立てる。	事実確認と発信期限が近い案件	メディアリレーションズ・シナリオプランニング	PR | メディア
sample-work-steward-feature	work-steward-feature	事実	現場スタッフの役割を、具体的な行動から記事にする	実例	仕事	スチュワードの業務を、座席誘導・落とし物・車椅子・迷子・ベビーカー・外国語対応などの具体から伝える。	オウンドメディア | 取材 | スチュワード | ストーリー	単発		毎日新聞『レッズ通信』で、スチュワードの活動人数、研修、活動時間、歴史、具体業務を整理した	2026年	広報・取材整理	スチュワード、メディア、来場者、クラブ	裏方の役割を、抽象的な称賛ではなく具体的な価値として伝える材料を整理した	"最大約200人・通常100〜150人
1995年駒場からの活動
試合4時間前集合〜終了1時間後"		期限あり	中程度	社外含む	定型	文章化が必要 | 目的が明確 | 関係者が多い	5	2	4	1	3	3	2	2	0	『先進的』と抽象化せず、具体的に誰の困りごとをどう減らしているかで書く。	情報だけを並べると、人が働く温かみや現場感が消える。	活動の一場面を起点に、役割の全体像へ広げる構成を試す。	使う	現場の具体を拾い、組織や人の役割を伝わるストーリーに変える。	現場の一次情報にアクセスできる取材・編集案件	オウンドメディア編集・ストーリーテリング	編集 | PR | コンテンツ
sample-work-ito-atsuki-feature	work-ito-atsuki-feature	事実	選手個人の話を、地域・クラブ史・現在地と接続して編集する	実例	仕事	個人のコメントを、浦和の歴史・地域性・クラブとの関わりに接続しつつ、主観と客観のバランスを考える。	選手インタビュー | 編集 | 地域性 | ストーリー	単発		伊藤敦樹選手を扱う記事について、浦和の歴史・地域性・クラブとの関与をどう入れるか検討した	2026年	広報・編集	選手、メディア、ファン、クラブ	単なる人物紹介にせず、クラブとの関係性が伝わる構成を考えた	"記事構成メモ
編集上の論点"		期限あり	中程度	複数部署	例外あり	文章化が必要 | 目的が明確 | 関係者が多い	5	2	4	0	3	3	1	3	0	個人を主役にしながら、背景は説明ではなく本人の言葉や行動に接続する。	地域性を強く入れすぎると、選手本人の固有性が薄くなる。	人物・背景・現在の挑戦の比重をラフ段階で可視化する。	候補	個人の物語を、組織や地域の文脈と自然につなげて編集する。	人物の一次情報と背景資料の両方があるとき	エディトリアルディレクション・ブランドストーリー	編集 | ブランディング
sample-work-sponsor-community	work-sponsor-community	事実	スポンサー・地域・社会連携を、露出ではなく関係設計として考える	能力・知識	仕事	パートナー施策、地域連携、社会的価値を、クラブ・相手・ファンの三者にとっての意味で考える。	スポンサー | 社会連携 | 地域 | パートナーシップ	繰り返し		スポンサー／パートナー施策、地域連携、スポーツ×社会的価値に関わる企画・調整を継続している	継続実務	広報・プロモーション	パートナー、自治体、地域、ファン、クラブ	単発露出に閉じない連携の考え方を持つ	"社外MTGメモ
地域イベント企画
スポンサー調査メモ"		期限あり	中程度	社外含む	例外あり	関係者が多い | 利害が衝突 | 文章化が必要	4	3	3	1	3	3	2	2	0	相手の目的、クラブの目的、ファン・地域の受け取り方が重なる場所を探す。	社会的な言葉を使うだけでは、現場の実態や相手の利益と乖離する。	施策ごとに『誰のどんな変化を目指すか』を事前に一文で置く。	候補	パートナー・地域・ファンそれぞれの目的を重ね、関係が残る施策を考える。	複数主体の価値を明確にできる案件	パートナーシップ設計・社会連携	社会連携 | 地域 | スポンサー
sample-work-ad-timing	work-ad-timing	事実	広告の役割を、新規層と既存ファンで分けて考える	能力・知識	仕事	通年予算の制約下で、開幕・Go Go Redsデー・鹿島戦などの山に投下し、目的別に媒体・時期を考える。	広告 | OOH | 新規層 | 既存ファン | 予算配分	繰り返し		広告予算が大幅に減る前提で、開幕、10〜12月のGo Go Redsデー、2月鹿島戦の3山を軸に、既存ファンと新規層の出稿タイミングを整理した	2026年6月	プロモーション・広告設計	広告会社、社内、制作	限られた予算のなかで、目的別の出稿判断を検討した	"広告体制メモ
OOH・シネアドの検討資料"		期限あり	中程度	社外含む	例外あり	数字が見える | 目的が明確 | 判断期限あり	4	2	3	3	2	2	1	1	1	『誰に、いつ、何のために見せるか』を分けると、掲出時期の議論が進む。	媒体の露出だけで新規層への効果を判断すると、導線や受け皿が抜ける。	施策ごとに認知・検討・購入・来場のどこを動かすかを明示する。	候補	限られた予算で、対象者と購買段階に合わせて広告の役割を設計する。	媒体・予算・販売導線を一緒に見られる案件	メディアプランニング・ファネル設計	広告 | マーケティング
sample-work-schedule-spec-management	work-schedule-spec-management	事実	制作物のサイズ・納期・入稿形式を、進行表として一元化する	能力・知識	仕事	縦横リサイズ、納期、備考、PDF形式、トンボ、余白、ロゴなどの細部を一つの進行表で管理する。	進行表 | 入稿 | 制作管理 | 例外処理	繰り返し		複数の告知物について、リサイズ、縦横、納期、備考、トンボなしPDF、上部3cm、パートナーロゴ等の条件を進行表で扱った	継続実務	制作進行・確認	制作チーム、社内依頼者、媒体社	細かい仕様の抜け漏れを減らすための管理方法を持つ	"進行表
入稿ガイドライン
制作依頼書"		短納期	高い	複数部署	例外あり	判断期限あり | 現場運用あり | 文章化が必要	3	3	4	1	1	2	3	1	1	見栄えより先に、仕様・決裁・納期が一目で追えるようにする。	備考欄に情報を詰め込みすぎると、重要度が見えなくなる。	必須・確認中・任意の3階層で進行表を整理する。	使う	複数制作物の仕様・納期・確認者を整理し、手戻りを減らす。	制作物が多く、例外条件が発生しやすい案件	プロダクションマネジメント・制作進行	Producer | PM
sample-work-presentation-brief	work-presentation-brief	事実	資料・依頼文を、初見の人が動ける構造に整える	能力・知識	仕事	背景、目的、対象、依頼事項、判断期限、例外を分け、相手が何をすべきかを読める資料にする。	資料作成 | 依頼文 | 合意形成 | PowerPoint	繰り返し		企画資料、制作依頼、社内説明、注意書き等で、初見の相手にも通じる構造を重視している	継続	起案・編集	社内外の関係者	説明の往復や認識差を減らす形に整える	"PowerPoint企画書
制作依頼書
社内説明文
FAQ・注意書き"		期限あり	高い	社外含む	例外あり	文章化が必要 | 関係者が多い | 判断期限あり	5	2	4	1	3	3	2	2	1	相手の前提が異なるほど、最初に『なぜ今これをするか』を置く。	情報を丁寧にしすぎると、決めるべきことが埋もれる。	資料ごとに『読み終わった相手にしてほしい行動』を一行で確認する。	使う	背景から判断・実行まで、初見の相手が動ける資料と依頼文をつくる。	関係者の前提がそろっていない案件	コミュニケーションデザイン・ドキュメント設計	PARK | PM | Producer
sample-work-media-response	work-media-response	事実	メディア取材・問い合わせを、相手の用途に合わせて整理する	能力・知識	仕事	取材意図、締切、文字数、公開条件、必要な確認を把握し、広報として返答をつくる。	メディア対応 | 取材 | 広報 | 問い合わせ	繰り返し		新聞・Web・各種メディアからの問い合わせ、コメント依頼、取材企画に対応している	継続実務	広報窓口・原稿調整	記者、編集者、選手、社内関係者	相手が必要とする形式とクラブ側の確認を両立する経験を持つ	"取材依頼メール
回答文
公開記事"		短納期	中程度	社外含む	例外あり	文章化が必要 | 判断期限あり | 関係者が多い	4	3	4	0	3	3	2	1	0	取材の目的・読者・締切を先に押さえると、回答内容の過不足を減らせる。	相手の意図を推測だけで決めると、回答がずれる。	依頼受領時の確認項目をテンプレート化する。	使う	取材意図と確認要件を整理し、相手に使われる形で正確に返す。	取材目的と締切が確認できるとき	メディアリレーションズ	PR | 広報
sample-work-physical-venue-operations	work-physical-venue-operations	事実	試合日の例外を、来場者導線と運営の課題として捉える	実例	仕事	雷雨・再入場・通路・屋根・案内不統一など、当日の問題を来場者体験と運用改善へつなげる。	試合運営 | 来場者導線 | 例外対応 | 危機対応	繰り返し		駒場での雷雨対応を振り返り、MDP売切、導線混乱、再入場案内不統一、通路座り込み、屋根不足等を課題として整理した	2026年7月の駒場戦に関する振り返り	広報・運営フィードバック	来場者、会場運営、広報、警備	当日の混乱を個別事象で終わらせず、案内・導線・準備の改善論点に変えた	"駒場運営フィードバック
当日案内メモ"		当日対応	中程度	社外含む	前例なし	現場運用あり | 判断期限あり | 関係者が多い | 前例なし	3	5	4	1	2	3	3	0	0	当日の『案内不足』は、文面だけでなく、誰がどこで何を判断するかの設計不足として見る。	現場で起きた例外を全て事前に潰すことはできない。	再入場・避難・待機に関する案内文と現場共有をセットで整える。	候補	当日の混乱を、来場者導線と運用ルールの改善に変える。	現場の一次情報を振り返りに使えるとき	イベントリスクマネジメント・オペレーション改善	PM | 運用
sample-work-copy-editing	work-copy-editing	事実	告知文・FAQ・注意書きを、重複なく行動につながる文章へ編集する	能力・知識	仕事	相手の不安・判断・行動を踏まえ、丁寧さを保ちながら冗長さを削る。	文章 | FAQ | 注意書き | 校正 | ユーザー導線	繰り返し		告知文、FAQ、社内説明、依頼文、注意書き、リリース等の言い換え・構造化を継続している	継続	起案・校正・編集	来場者、ファン、社内外関係者、メディア	読み手が次に取る行動を理解しやすい文章に整える	"告知原稿
FAQ
校正履歴
リリース原稿"		短納期	高い	社外含む	例外あり	文章化が必要 | 目的が明確 | 関係者が多い	5	2	5	0	3	3	2	3	0	同じ内容の繰り返しを削り、背景・対象・行動・例外を必要な順に並べる。	表現だけを整えても、運用ルール自体が曖昧なら問い合わせは減らない。	各文書に『読み手の次の行動』を明示してから編集する。	使う	複雑な案内を、誤解なく行動につながる文章に編集する。	読み手と目的行動が定義できる文書	UXライティング・編集	PARK | PR | 編集
sample-work-fact-checking	work-fact-checking	事実	公開前の事実確認を、文面・数字・表記の観点で行う	能力・知識	仕事	公開物の誤字脱字だけでなく、日付、年齢、規程、数値、対象、表現の整合を確認する。	ファクトチェック | 校正 | 公開前確認 | リスク管理	繰り返し		リリース、スケジュール、告知物、資料について、誤字脱字と事実誤認の確認を繰り返し行っている	継続	広報・最終確認	制作、社内依頼者、メディア、来場者	公開後の訂正や問い合わせにつながる不整合を減らす	"公開前原稿
修正履歴
規程・スケジュール資料"		短納期	高い	複数部署	定型	文章化が必要 | 判断期限あり | 目的が明確	3	3	4	2	3	1	2	0	1	表層の誤字より、対象・日付・前提・例外が読み手にどう伝わるかを見る。	元となる事実が更新中だと、校正だけで正確性を保証できない。	公開前チェックを『表記』『事実』『行動導線』の3分類にする。	候補	公開前の情報を、表記だけでなく事実と行動導線まで確認する。	一次情報の確認者が明確な案件	エディトリアルQA・コンテンツガバナンス	PR | 編集
sample-previous-user-log-analysis	previous-user-log-analysis	事実	ユーザーログを読み、行動の傾向を分析する	実例	仕事	ネットリサーチ会社で、ユーザーログなどのデータから行動や反応の傾向を読む実務を経験した。	マーケティングリサーチ | ログ分析 | データ | 前職	繰り返し		ネットリサーチ会社で、ユーザーログ分析や広告モニタリングに関わった	浦和レッズ入社前	分析・リサーチ担当	調査チーム、クライアント、関連部署	現在の販促・広報実務でも、数値と行動の関係を見る基礎になった	"職務経歴書
前職の担当領域"		期限あり	中程度	複数部署	定型	数字が見える | 目的が明確 | 文章化が必要	4	2	3	3	2	1	1	0	2	データの羅列より、行動の変化や比較対象を置いたときに解釈が進む。	ログだけでは、行動の動機や文脈を確定できない。	定量データに、現場・顧客の定性情報を重ねる方法を増やす。	使う	ユーザーデータから行動の傾向を読み、施策や仮説へつなげる。	データ定義と問いが共有されている分析案件	マーケティングリサーチ・行動データ分析	マーケティング | データ
sample-previous-tableau-r	previous-tableau-r	事実	TableauとRを使い、データを可視化・分析する	能力・知識	仕事	Tableauによるダッシュボード、Rを使った分析・可視化の経験を持つ。	Tableau | R | 可視化 | データ分析	繰り返し		前職および現在の文脈で、Tableau・Rを使ったデータ分析・可視化に取り組んできた	継続的な学習・実務経験	分析・可視化	自分、調査・事業関係者	数値を読みやすく共有する基礎技術を持つ	"職務経歴書
ダッシュボード・レポート作成経験"		期限あり	高い	複数部署	定型	数字が見える | 裁量あり | 目的が明確	4	2	3	3	1	1	1	1	3	可視化は見栄えより、比較・異常・変化を発見できることを優先する。	高度な分析ほど、前提・データ品質・解釈の説明が必要になる。	実務で使う指標を、ユーザー視点の問いと結びつけて再設計する。	候補	データを可視化し、関係者が変化と次の判断を読み取れる形にする。	用途と見る人が定まっているダッシュボード	BI・データビジュアライゼーション	データ | DX
sample-previous-ad-monitoring	previous-ad-monitoring	事実	広告・マーケティング施策を、観測可能な指標として捉える	能力・知識	仕事	広告モニタリングと販促実務の両方から、媒体・反応・行動をつなげて見る。	広告 | モニタリング | マーケティング | 効果測定	繰り返し		前職の広告モニタリング経験と、現在の広告・販促実務を横断している	前職〜現在	分析・販促	広告会社、社内関係者	広告を『出すこと』ではなく、目的・指標・行動導線で捉える視点を持つ	"前職の担当領域
現在の広告レポート・出稿検討"		期限あり	中程度	社外含む	例外あり	数字が見える | 目的が明確	4	2	3	3	2	2	1	1	1	媒体接触と実際の行動の間にある摩擦を意識する。	指標が取れるものだけを重視すると、長期的なブランド効果を見落とす。	短期CVと中長期の認知・好意を分けて整理する。	候補	広告を、目的・指標・行動導線のつながりとして考える。	施策目的と測定可能性を事前に確認できる案件	マーケティング効果測定	広告 | マーケティング
sample-skill-project-structure	skill-project-structure	事実	曖昧な違和感を、論点と判断基準に変える	能力・知識	仕事	『なんとなく違う』を、目的・対象・論点・リスク・修正案に分解して扱う。	言語化 | 編集 | 合意形成 | 判断基準	繰り返し		発信物や企画の違和感を、具体的な論点と修正案として整理している	継続	企画・編集	社内外の関係者	感覚論だけでなく、判断できる議論に変える	"校正コメント
企画資料の修正履歴
会話での論点整理"		期限あり	中程度	複数部署	例外あり	文章化が必要 | 目的が明確 | 関係者が多い	5	2	4	0	3	3	1	2	0	目的と受け手を決めると、感覚的な違和感も説明しやすくなる。	目的自体が割れていると、表現だけの議論では解決しない。	議論の冒頭で『今回の判断基準』を明文化する。	使う	曖昧な違和感を、関係者が判断できる論点に変える。	目的と受け手を合意できる案件	コミュニケーション設計・編集	PARK | SIGNING | 編集
sample-skill-stakeholder-alignment	skill-stakeholder-alignment	事実	関係者の多い案件で、確認事項と判断期限を揃える	能力・知識	仕事	目的、担当、期限、例外、確認順を整理し、進行で詰まる箇所を減らす。	調整 | 進行管理 | 合意形成 | PM	繰り返し		複数部署・外部関係者の案件で、確認事項と期限を整理して進行している	継続	進行・調整	社内外の複数関係者	漏れや認識差による手戻りを減らす	"進行表
確認依頼メール
会議メモ"		短納期	中程度	社外含む	例外あり	判断期限あり | 関係者が多い | 現場運用あり	3	4	4	0	1	3	3	0	1	依頼文に『何を・いつまでに・何のために』を置くと、返答が速い。	決裁権者がいない案件は、丁寧に整理しても進まない。	キックオフ時に意思決定者と判断期限を固定する。	使う	関係者の多い案件を、確認可能な進行に変える。	判断者と期限を確認できる案件	プロジェクトマネジメント・ステークホルダー調整	PM | Producer | ShapePartner
sample-skill-research-synthesis	skill-research-synthesis	自己観察	未知のテーマを、背景・歴史・論点・用語から調べて使える知識にする	能力・知識	学習	初心者向けの説明でも、背景や用語を飛ばさず、批判・歴史・実用まで構造化して理解する。	リサーチ | 構造化 | 解説 | 知識	繰り返し		音楽、社会概念、科学、スポーツ、技術など、未知のテーマを背景から調べ、使える説明へ整理している	継続	個人学習・編集	自分、必要に応じて仕事関係者	単なる要約ではなく、判断や会話に使える知識の形にする	"各種解説依頼・学習メモ
記事・動画・資料の要約"		余裕あり	高い	自分中心	前例なし	裁量あり | 目的が明確 | 文章化が必要 | 前例なし	5	2	4	1	3	0	1	2	1	知らない領域ほど、そもそもの前提・用語・対立点から入ると定着しやすい。	広く調べすぎると、今必要な行動や結論がぼやける。	調べ始める前に『何に使う知識か』を一行で置く。	候補	未知のテーマを、背景から理解し、使える知識の構造へ変える。	問いと用途が定まっている学習・調査案件	リサーチ・ナレッジデザイン	リサーチ | 戦略
sample-skill-english-reading	skill-english-reading	事実	英語の記事・一次情報を読んで、日本語の論点へ整理する	能力・知識	学習	海外記事や英語の資料を読み、背景・論点・実務への示唆を日本語で整理する。	英語 | リサーチ | 要約 | 海外事例	継続中		英語の記事を読み、業務や学習で使える日本語メモに整理している	継続	個人学習	自分・必要に応じて関係者	海外の事例や一次情報へアクセスする手段を持つ	"英語学習記録
海外記事の要点メモ"		余裕あり	高い	自分中心	例外あり	裁量あり | 目的が明確 | 文章化が必要	4	2	3	1	3	0	0	1	0	読むだけでなく、用途を決めて短く整理すると続く。	専門領域の細かいニュアンスは確認が必要。	英語の資料をもとに、5分で口頭説明する。	候補	海外の情報を、仕事で使える日本語の論点に変換できる。	読む目的と出力先が明確なとき	英語による情報収集と要点整理	英語 | リサーチ
sample-skill-english-speaking-practice	skill-english-speaking-practice	自己観察	英語を、正解探しではなく会話として練習する	習慣	学習	短い反応・コメント・質問を繰り返し、翻訳と完璧主義を減らしながら話す練習をしている。	英語 | 会話 | 習慣化 | 学習設計	継続中		英語の短文読解や会話テンプレートを、読む→説明する→問いを作る→確認する形で繰り返している	継続	個人学習	自分	英語を受け身の理解だけで終わらせず、出力する練習を積んでいる	"英語学習の定期ルール
会話テンプレートの練習記録"		余裕あり	高い	自分中心	定型	裁量あり | 目的が明確	3	2	2	0	3	2	1	1	0	短く反応してから質問する形だと、完璧な文を作ろうとして止まりにくい。	一人での練習だけでは、即時の聞き返しや緊張への耐性は育ちにくい。	1分間の要約を音声で録音し、言い直しを確認する。	まだ使わない				
sample-skill-excel-sheets	skill-excel-sheets	事実	Excel・Googleスプレッドシートで、業務用の表を設計・整形する	能力・知識	仕事	集計、比較、進行、例外処理、共有を意識して表をつくる。	Excel | Googleスプレッドシート | データ整形 | 業務改善	繰り返し		チケット・制作進行・KPI・日程・入稿情報などを、用途別に表へ整形している	継続	主担当・支援	自分、社内関係者、制作チーム	現場で使える一覧と進行管理に落とす	"集計表
進行表
TSV/CSV整形
KPIシート"		期限あり	高い	複数部署	定型	数字が見える | 裁量あり | 目的が明確	4	2	4	3	1	1	3	0	2	表の完成度は、入力者・確認者・次の判断者が迷わないかで見る。	関数や列を増やしすぎると、引き継ぎにくくなる。	定例表に『判断メモ』列を追加する。	使う	数字・進行・例外を、現場で使える表に整える。	入力する人と使う人の役割が見えているとき	業務設計・オペレーション改善	PM | DX | データ
sample-skill-powerpoint-story	skill-powerpoint-story	事実	PowerPointで、企画の背景から判断までをつなぐ資料をつくる	能力・知識	仕事	企画・進行・社内説明の資料を、背景、目的、論点、選択肢、次アクションで組み立てる。	PowerPoint | 企画書 | ストーリー | 合意形成	繰り返し		試合施策、KV制作、会見、広告、地域連携などの資料を作成・編集している	継続	企画・編集	社内外の関係者	情報の多い案件でも、意思決定しやすい資料にする	"企画資料
制作依頼資料
社内説明資料"		期限あり	高い	複数部署	例外あり	文章化が必要 | 関係者が多い | 判断期限あり	5	2	4	2	3	3	2	2	1	スライドを増やすより、相手が今決めることを中心に情報を削る。	情報が足りない状態で見栄えだけを整えると、判断が後ろ倒しになる。	各資料の冒頭に『今回決めたいこと』を固定表示する。	使う	複雑な企画を、関係者が判断・実行できる資料に組み立てる。	資料の読者と意思決定が明確な案件	企画書作成・プレゼンテーションデザイン	PM | Producer | 戦略
sample-skill-ai-workflow	skill-ai-workflow	事実	AIを、調査・構造化・制作・検証の補助として使う	能力・知識	仕事	文章整理、リサーチ、要件定義、コード制作、TSV/JSON整形などでAIを活用している。	AI | プロンプト | 業務改善 | 構造化	繰り返し		AIを使い、実務用の文章、企画の骨子、情報整理、Webツールの実装検討を行っている	継続	個人・業務補助	自分、必要に応じて関係者	手作業の整理を速め、考えるべき論点に時間を使う	"プロンプトメモ
AIを使ったアプリ・文章制作の履歴"		期限あり	高い	自分中心	前例なし	裁量あり | 前例なし | 文章化が必要 | 技術・仕組みを扱う	5	2	4	2	3	1	2	2	3	出力をそのまま使わず、目的・事実・トーン・例外を先に指定して検証する。	AIのもっともらしい誤りや、本人の言葉が消えるリスクがある。	入力・出力・検証の手順を、繰り返し作業ごとにテンプレート化する。	候補	AIを、情報の下ごしらえから検証まで含む実務フローに組み込む。	検証者と一次情報を確保できる業務	AI活用・ナレッジワーク設計	DX | AI | PM
sample-skill-domain-sports-business	skill-domain-sports-business	事実	スポーツ興行を、熱量と事業性の両方から理解する	能力・知識	仕事	試合、チケット、会員、広告、スポンサー、地域、来場体験を、クラブの収益と関係性の両面から見る。	スポーツビジネス | Jリーグ | チケット | ファン | 興行	繰り返し		浦和レッズでの広報・プロモーション実務を通じ、スポーツ興行、チケット、会員、広告、地域連携を横断している	浦和レッズ在籍3年目まで	広報・プロモーション	ファン、来場者、パートナー、地域、社内	スポーツの熱量と事業運営を切り離さずに考えるドメイン知識を得た	"担当領域の実務
チケット・広告・イベントの資料"		期限あり	中程度	社外含む	例外あり	関係者が多い | 数字が見える | 現場運用あり	5	2	4	2	3	3	3	2	1	ファンを『顧客』だけにせず、帰属・文化・地域との関係も含めて考える。	熱量に寄りすぎると、対象外の人にとっての障壁が見えない。	施策ごとに『既存ファン・新規・地域・事業』への影響を比較する。	使う	スポーツの熱量と事業性を両方踏まえ、来場・発信・関係づくりを設計する。	ファン・事業・地域の利害が重なるスポーツ案件	スポーツマーケティング・ファンエンゲージメント	スポーツ | ファンベース
sample-skill-domain-branding	skill-domain-branding	自己観察	ブランディングを、見た目ではなく判断と行動を変える設計として捉える	能力・知識	学習	MVV、パーセプションチェンジ、コピー、組織浸透を、表現と運用の両方から学んでいる。	ブランディング | MVV | パーセプションチェンジ | コピー	継続中		PARK等の事例研究や、理念宣言の実務を通じ、ブランドを『人が判断・行動するための共有物』として理解しようとしている	2026年の学習・実務	個人学習・広報設計	自分	転職先の検討と現職のコミュニケーション設計をつなげている	"PARKの事例研究
What Can I Do?の設計
パーセプションチェンジの学習メモ"		余裕あり	高い	自分中心	前例なし	裁量あり | 目的が明確 | 文章化が必要	5	2	3	0	3	2	2	3	0	ブランドは『らしさ』の装飾ではなく、何を大事にしてどう選ぶかを揃えるものとして見たい。	言葉を整えても、実際の接点や振る舞いが変わらなければ認識は変わらない。	事例を『言葉・体験・組織運用』の3層で比較する。	候補	ブランドを、表現だけでなく組織と顧客の判断を変える仕組みとして理解する。	理念・体験・運用を横断して考える案件	ブランド戦略・組織コミュニケーション	PARK | KESIKI | SIGNING
sample-skill-press-release-structure	skill-press-release-structure	事実	公式リリースを、情報の優先順位と問い合わせ導線で組み立てる	能力・知識	仕事	発表内容、背景、対象、日時、手続き、注意事項、問い合わせ先を、読み手の判断順に並べる。	プレスリリース | 公式サイト | 情報設計 | 広報	繰り返し		選手、イベント、払い戻し、注意喚起など、目的の異なる公式発表を構成・校正している	継続	広報・編集	ファン、メディア、来場者、社内関係者	目的の異なる公開情報を、誤解なく案内する	"公式サイトリリース
払い戻しリリース
注意喚起文"		短納期	中程度	複数部署	定型	文章化が必要 | 判断期限あり | 目的が明確	4	2	4	1	3	2	2	1	0	読者の関心が異なるため、最初に『何が起きたか』『自分に何が必要か』を置く。	社内の事情を丁寧に説明しすぎると、読者に必要な行動が埋もれる。	公開前に『初見の人が最初の30秒で分かること』を確認する。	使う	公式情報を、読み手の判断と行動に必要な順番で構成する。	目的・対象・手続きが明確な発信	コーポレートコミュニケーション・コンテンツ設計	PR | 編集
sample-project-countvoice	project-countvoice	事実	10秒ごとの読み上げカウントアプリを、実使用から改善する	実例	私生活	集中を支えるカウント読み上げアプリを、毎秒音・10秒ごとの読み上げ・iPhone表示・アイコンまで改善した。	個人開発 | JavaScript | 集中 | GitHub Pages	継続中		カウント読み上げアプリについて、10秒ごとの読み上げ、1分の単位読み上げ、開始後の設定変更、毎秒音、iPhone Safariのアイコン表示を検討・実装した	2026年6月	企画・実装・テスト	自分	自分の集中方法に合わせたブラウザツールを公開・改善した	"GitHub Pages：countvoice
iPhone Safariのホーム画面アイコン調整
機能要件メモ"		余裕あり	高い	自分中心	前例なし	裁量あり | 前例なし | 技術・仕組みを扱う	5	3	3	1	2	0	2	2	3	自分が毎日使うから、機能の不足やUIの不快さを具体的に発見できる。	機能追加を続けると、核となる『数える』体験がぼやける。	利用感から、残す機能と削る機能を月1回見直す。	候補	自分の集中課題を、試作と実使用で改善する小さなWebアプリに変える。	利用者として自分が継続検証できる環境	ユーザー起点のプロトタイピング	DX | プロダクト | UX
sample-project-kakidas	project-kakidas	事実	文章・段落・単語をメモ化するアプリを、利用から仕様へ育てる	実例	私生活	メモの粒度、タグ、並び順、モバイル入力、ファイル数など、使う中で出る問題を仕様へ変える。	個人開発 | メモ | React | UIUX | 情報整理	継続中		kakidas系のメモアプリで、段落・文・単語のメモ化、作成順・更新順、単一タグ、タグ管理、スマホ入力の画面ずれ、ファイル数削減などを継続して検討・実装している	2026年6月	企画・仕様設計・実装	自分	情報を粒度別に残し、後から探せる個人ツールを育てている	"kakidas開発ログ
モバイル入力不具合の検討
タグ管理仕様"		余裕あり	高い	自分中心	前例なし	裁量あり | 前例なし | 技術・仕組みを扱う | 文章化が必要	5	3	3	1	3	0	2	2	3	抽象的な機能要求より、自分が入力中に困った瞬間から仕様を起こすと精度が上がる。	メモの粒度を増やしすぎると、保存や閲覧の負荷が増える。	利用頻度の低い機能を削り、主要導線を3つに絞る。	候補	実使用で見つかった違和感を、具体的なUI・データ仕様へ変える。	自分で繰り返し触り、仮説検証できるプロダクト	プロダクト企画・UX改善	Goodpatch | DX | プロダクト
sample-project-sakura-extension	project-sakura-extension	事実	Sakura Editorで文字化けしにくいMD変換を、選択式の拡張機能にする	実例	私生活	SJIS・UTF-8の非対応文字を扱い、除外・変換・検出結果表示を選べるようにする。	Chrome拡張 | JavaScript | 文字コード | 業務改善	単発		Sakura Editorでの文字コードエラーに対し、MD変換時の非対応文字の変換・除外を選択式にし、弾いた文字を表示する機能を検討・実装した	2026年6月	仕様設計・実装	自分	実務上のコピー＆ペースト事故を減らすツールの仕様を作った	"Chrome拡張のHTML/CSS/JS
SJIS・UTF-8対応の検討メモ"		期限あり	高い	自分中心	前例なし	裁量あり | 前例なし | 技術・仕組みを扱う | 目的が明確	4	3	3	1	2	0	3	1	3	『変換する』だけでなく、使いたい人が選べて、何が変わったかを確認できることが重要。	全ての文字化けを完全に予測することは難しい。	実際に失敗した文字のケースをテストデータとして保存する。	候補	現場の小さな不便を、選択可能で確認できるツール仕様に変える。	具体的な失敗例を集められる業務改善	業務改善ツール・フロントエンド実装	DX | プロダクト
sample-project-evidence-ledger	project-evidence-ledger	事実	自分の実績を、事実・証拠・条件・提示用メモに分けて残すアプリを設計する	実例	私生活	自己採点ではなく、経験の根拠と発揮条件を蓄積するEvidence Ledgerを設計・実装した。	Evidence Ledger | 個人開発 | キャリア | TSV | UIUX	継続中		受信箱、台帳、整理、発見、出力、TSV入出力を持つ実績台帳アプリを、IndexedDB保存・差分プレビュー・Undo込みで実装した	2026年6月	企画・仕様設計・実装	自分	転職・面接の準備を、自己PRではなく根拠の蓄積から進める基盤を作った	"Evidence LedgerのHTML/CSS/JavaScript
TSV全件・部分更新・復元設計
アプリアイコンとGitHub Pages構成"		余裕あり	高い	自分中心	前例なし	裁量あり | 前例なし | 技術・仕組みを扱う | 文章化が必要	5	3	3	2	3	0	3	2	3	事実、自己観察、仮説、面接用の言い換えを混ぜない設計にする。	分類や評価を増やしすぎると、肝心の記録が止まる。	実際の記録を入れ、検索・整理・出力までの摩擦を観察する。	候補	自己理解を採点ではなく、根拠の蓄積と検証として支えるツールを設計する。	本人が繰り返し使い、要件を更新できる個人プロダクト	キャリア支援プロダクト・情報アーキテクチャ	プロダクト | UX | DX
sample-project-github-pages	project-github-pages	事実	GitHub Pagesで、個人ツールを公開・配布できる形にする	能力・知識	私生活	静的ファイル構成、相対パス、PWAアイコン、iPhone Safari表示を踏まえ、公開状態まで持っていく。	GitHub Pages | デプロイ | PWA | Web	継続中		個人ツールをGitHub Pagesで公開し、アイコン・publicフォルダ・パス・Safari表示などを調整している	2026年6月	実装・公開	自分	ローカルの試作を、スマホでも使える公開ツールへ変えている	"GitHub Pages URL
public/assets構成
PWAアイコン設定"		期限あり	高い	自分中心	例外あり	裁量あり | 技術・仕組みを扱う | 目的が明確	4	2	3	0	1	0	2	1	3	公開後にスマホ実機で見ると、PC上では見えない不具合が出る。	静的ホスティングの制約で、サーバー側の機能は使えない。	公開前チェックを、PC・iPhone Safari・ホーム画面の3環境で固定する。	候補	個人の試作を、実機で使えるWebアプリとして公開・改善する。	静的構成で完結できるプロダクト	フロントエンド実装・デプロイ	DX | プロダクト
sample-project-mobile-input-debug	project-mobile-input-debug	事実	スマホ入力中に画面がずれる不具合を、再現条件から直す	実例	私生活	入力ごとの再レンダリング、画面スクロール、フォーカス喪失などを切り分け、体験として直す。	モバイル | UIUX | デバッグ | 入力フォーム	単発		メモアプリで、スマホ入力時に1文字ごとに画面が上がり入力欄が見えなくなる問題について、原因と修正方針を検討・実装した	2026年6月	不具合分析・実装	自分	機能要件ではなく、実際の入力体験から改善を進めた	"不具合再現の説明
モバイル入力の修正ログ"		期限あり	高い	自分中心	例外あり	裁量あり | 技術・仕組みを扱う | 現場運用あり	4	3	3	0	2	0	2	1	3	見た目の不具合ではなく、『ユーザーが何をしようとして、どこで操作が途切れるか』から見る。	端末・ブラウザ差があり、1環境だけの修正では再発する。	入力フォームの回帰チェック項目を作る。	候補	実使用で起きる操作のつまずきを、再現条件からUI改善へつなげる。	利用環境を実機で確認できるプロダクト	モバイルUX改善・フロントエンドデバッグ	UX | プロダクト
sample-project-json-tsv-design	project-json-tsv-design	事実	JSONとTSVで、壊れにくい個人データの入出力を設計する	能力・知識	私生活	全件バックアップ、部分更新、全置換、差分表示、Undoを分け、空欄による上書きを防ぐ。	JSON | TSV | データ設計 | 安全設計	単発		Evidence Ledgerで、追加・部分更新・全件復元・全置換のTSVフロー、差分プレビュー、__CLEAR__、Undoを設計した	2026年6月	データ設計・実装	自分	スプレッドシートとアプリを行き来しても事故りにくい仕様を作った	"TSV仕様
差分プレビュー
IndexedDBスナップショット"		余裕あり	高い	自分中心	前例なし	裁量あり | 前例なし | 技術・仕組みを扱う | 目的が明確	5	3	3	3	2	0	3	1	3	『できること』より、間違っても戻せることを最初に設計する。	仕様を細かくしすぎると、初回利用の理解負荷が上がる。	初見の人が部分更新を誤解せず使える説明をテストする。	候補	表計算とアプリを行き来するデータを、誤操作から守る入出力設計ができる。	利用者がデータを自分で編集・復元するプロダクト	データUX・情報設計	DX | プロダクト | PM
sample-project-prompt-library	project-prompt-library	事実	プロンプトを、検索・分類・再利用できる個人ナレッジにする	実例	私生活	よく使うプロンプトを、カテゴリ・検索・並び順で整理し、必要な時に取り出せるようにする。	プロンプト | ナレッジ管理 | UIUX | AI	継続中		プロンプトメモの分類整理、タイトル・本文検索、よく使う順・追加順の管理を含む個人ナレッジ管理を扱っている	継続	個人開発・運用	自分	AIとのやりとりを一回性の会話ではなく、再利用資産として扱う	"プロンプトメモUI
検索・並び替えの機能"		余裕あり	高い	自分中心	例外あり	裁量あり | 技術・仕組みを扱う | 文章化が必要	4	2	3	1	3	0	2	2	3	よく使うものほど、記憶ではなく検索と再利用に寄せる。	分類を先に決めすぎると、後から増えた用途が入らなくなる。	使った回数と改善履歴を追加するか検討する。	候補	一回性の思考やプロンプトを、検索できる再利用資産に変える。	反復使用する文章・判断型の業務	ナレッジマネジメント・AIワークフロー	DX | AI
sample-hobby-soccer-analysis	hobby-soccer-analysis	自己観察	サッカーを、戦術・選手・大会文脈から深く見る	習慣	趣味	クラブ・代表・国際大会について、結果だけでなく戦術、選手構成、歴史、強さの理由を調べて考える。	サッカー | 分析 | 戦術 | Jリーグ | 代表	継続中		サッカーについて、クラブ実務だけでなく、代表戦、海外・各国事情、選手・チームの強さを継続して調べている	継続	個人	自分	仕事にも趣味にもつながるドメイン知識を深めている	"サッカー関連の調査・分析メモ
観戦・会話の蓄積"		余裕あり	高い	自分中心	前例なし	裁量あり | 目的が明確	5	1	4	2	3	1	1	1	0	選手個人、戦術、クラブ文化、リーグ構造をつなげると、観戦の解像度が上がる。	知識が増えるほど、目の前の試合を単純に楽しめなくなる時がある。	観戦後に『事実・解釈・次に見たいこと』を3行で残す。	候補	スポーツを、戦術・文化・事業の複数視点から深く読み解く。	一次情報と背景情報を往復できるテーマ	スポーツビジネス・コンテンツリサーチ	スポーツ | リサーチ
sample-hobby-shogi-learning	hobby-shogi-learning	自己観察	将棋を、目標設定と反復学習で上達させる	習慣	趣味	級位者として初段を目標にし、対局・定跡・振り返りを通じて学習を続ける。	将棋 | 学習 | 目標設定 | 振り返り	継続中		将棋で、級位者から初段を目標に、学習テーマと継続方法を考えている	継続	個人	自分	短期の勝敗だけでなく、学習の設計として趣味を続けている	"将棋の目標設定メモ
学習相談の記録"		余裕あり	高い	自分中心	例外あり	裁量あり | 目的が明確	4	2	2	1	2	0	1	1	0	『できない』を能力不足で終わらせず、学習ステップの設計として見ると続けやすい。	振り返りを増やしすぎると、対局量が減る。	1局ごとにテーマを1つだけ選び、次局で試す。	まだ使わない				
sample-hobby-reading	hobby-reading	自己観察	読書から、考え方と言葉のストックをつくる	習慣	趣味	仕事・哲学・心理・文化などを読み、言葉や見方を自分の思考に取り込む。	読書 | 知識 | 言葉 | 思考	継続中		読書を継続し、仕事や自己理解に使える考え方・表現を集めている	継続	個人	自分	短期の実用だけでない知的な基盤をつくっている	"読書メモ
会話・企画への参照"		余裕あり	高い	自分中心	前例なし	裁量あり	5	1	3	0	3	0	0	2	0	すぐに使わない知識でも、後から企画や言葉の土台になる。	読むこと自体が目的になると、出力や経験に接続しにくい。	読後に『今の仕事に接続できる一文』を残す。	まだ使わない				
sample-hobby-hello-project	hobby-hello-project	自己観察	アイドル文化を、作品・メンバー・運営・ファンの文脈から楽しむ	習慣	趣味	BEYOOOOONDS等のハロプロを、楽曲・構成・活動・コミュニティの観点で追う。	ハロプロ | BEYOOOOONDS | カルチャー | ファン	継続中		ハロプロを継続的に追い、楽曲・メンバー構成・ライブ・活動の背景について考えている	継続	個人	自分	好きな文化を、受け身でなく文脈ごと楽しむ習慣がある	"鑑賞・会話の蓄積
イベント・楽曲に関するメモ"		余裕あり	高い	自分中心	例外あり	裁量あり	5	1	4	0	3	1	0	2	0	コンテンツそのものだけでなく、メンバーの変化やグループの物語を見る。	好きな領域ほど、外からの批評や数字を受け取りづらくなることがある。	『好きな理由』を、作品・人・仕組みの3方向から言語化する。	まだ使わない				
sample-self-count-focus	self-count-focus	自己観察	短いカウントで注意を戻し、集中を立ち上げる	習慣	健康	10〜15秒を数えることで、注意が散った状態から作業へ戻る自分なりの方法を使う。	集中 | ADHD傾向 | カウント | セルフマネジメント	継続中		短い時間を数えることで落ち着き、集中を戻しやすいという実感から、カウントアプリも作っている	2026年6月までの自己観察	個人	自分	注意の切り替えを、意志だけに頼らず外部化する方法を持つ	"カウント集中法メモ
countvoiceアプリ"		当日対応	高い	自分中心	例外あり	裁量あり | 目的が明確	4	1	3	0	1	0	3	0	1	『集中しよう』より、短い単位で今に戻るほうが動き出しやすい。	疲労や痛みが強い日は、カウントだけで回復しない。	どの作業・時間帯で効くかを簡単に記録する。	まだ使わない				
sample-self-adhd-externalization	self-adhd-externalization	自己観察	締切のない仕事を、外部化と小さな区切りで動かす	気づき	健康	5分集中、数える、通話、メモ化、他者のために変換するなど、自分が動きやすい条件を試している。	ADHD傾向 | 外部化 | 習慣化 | 作業設計	継続中		締切のない仕事は進みにくく、外部化・小さな締切・他者との接点があると動きやすいという方法を整理している	2026年6月までの自己観察	個人	自分	意志や気合に頼らない作業環境の設計を試している	"ADHD向け作業法メモ
5分集中・通話・数える等の記録"		未記録	高い	自分中心	例外あり	裁量あり | 目的が明確	3	2	3	1	2	1	3	0	1	仕事を『自分のため』だけでなく、誰かに渡せるものへ変換すると着手しやすい。	仕組みを作ること自体が先延ばしになることがある。	作業の開始条件を1つに絞り、1週間だけ検証する。	まだ使わない				
sample-pattern-externalize-then-act	pattern-externalize-then-act	仮説	外部化して納得できると、行動の出力が上がる	気づき	私生活	頭の中だけで進めるより、メモ・表・会話・画面へ出すと、次の行動を選びやすくなる。	外部化 | 自己理解 | 行動 | 構造化	継続中		自分は雰囲気で動くより、外部化してから納得できると強い、という自己理解を言葉にしている	2026年6月の自己理解メモ	個人	自分	行動を始める前に必要な支援の形を仮説化した	"自己理解メモ：外部化してから納得の動きができると強い
個人ツール開発の継続"		未記録	高い	自分中心	例外あり	裁量あり | 文章化が必要	4	1	3	1	3	1	3	1	2	メモ化・表・会話・ツール化が、思考の終点ではなく着手の起点になる。	外部化の形式にこだわりすぎると、行動を始める前に疲れる。	同じタスクを『口頭』『箇条書き』『表』の3形式で外部化し、着手速度を比べる。	候補	曖昧な状態を外部化し、納得して動ける形へ変える。	情報や選択肢が頭の中で混線している状況	情報構造化・セルフマネジメント	PM | プロダクト
sample-pattern-criteria-before-expression	pattern-criteria-before-expression	仮説	表現の議論より先に、目的と判断基準を置くと前に進みやすい	気づき	仕事	コピー・資料・企画・運用で、良し悪しの議論を目的・受け手・行動で固定すると合意が早い。	判断基準 | 合意形成 | 編集 | 企画	繰り返し		企画・文章・制作の多くで、目的と受け手を先に置くと違和感を説明しやすいという経験を重ねている	継続実務の振り返り	企画・編集	社内外の関係者	表現好みの対立を、判断できる論点へ戻す	"KV制作要件
告知文編集
企画資料の修正履歴"		期限あり	中程度	複数部署	例外あり	目的が明確 | 文章化が必要 | 関係者が多い	5	2	4	0	3	3	1	2	0	判断基準があると、相手の意見を否定せずに比較できる。	目的の設定自体に対立があると、判断基準だけでは解けない。	会議冒頭に『今回の判断基準』を3つだけ表示する。	使う	表現や意見の違いを、目的と判断基準の議論へ戻す。	複数の正解候補があり、関係者の意見が分かれる案件	意思決定ファシリテーション・コミュニケーション戦略	PARK | PM | 戦略
sample-pattern-nuance-and-logic	pattern-nuance-and-logic	仮説	論理と納得度へのこだわりが、説明・調整・編集で力になる	気づき	仕事	自分が『なぜそうするのか』の説明にこだわる傾向を、曖昧さを減らす力として扱う。	論理 | 納得度 | 説明 | 合意形成	継続中		転職面接の自己理解で、論理や納得度にこだわりがあり、その部分を強みにできると感じている	2026年6月の自己理解・面接準備	個人	自分	性格の表現を、仕事での具体的な働き方へ翻訳しようとしている	"面接準備の会話
資料・文章・進行の実例"		未記録	高い	自分中心	例外あり	文章化が必要 | 目的が明確	5	2	3	1	3	3	2	1	0	相手が納得して動ける状態まで説明を詰めたいという欲求がある。	納得を待ちすぎると、試しながら決めるべき局面で遅れる。	『今決めること』と『試してから決めること』を分けて書く。	候補	理由と判断基準を言語化し、関係者が納得して動ける状態をつくる。	複数人の理解や判断が必要な案件	合意形成・論点設計	PM | Producer | PR
sample-pattern-trial-and-error	pattern-trial-and-error	仮説	最短解より、試行錯誤を通じて攻略法を見つけるほうが力が出る	気づき	私生活	完成形を一発で出すより、実際に触り、修正し、条件を見つける過程に強みがあるという仮説。	試行錯誤 | 学習 | プロトタイピング | 改善	継続中		個人開発・将棋・作業法の検討を通じて、『最短で勝つのではなく攻略で勝つ』という方針を言語化している	2026年6月の自己理解メモ	個人	自分	自分が力を出しやすい学習・制作のモードを仮説化した	"自己理解メモ
個人ツールの反復改善"		余裕あり	高い	自分中心	前例なし	裁量あり | 前例なし	5	2	3	1	2	0	2	2	3	動かして見える問題から、次の仕様や学習テーマを決める。	締切が厳しい案件では、探索を続けすぎると決め切れない。	探索フェーズと収束フェーズの終了条件を先に決める。	候補	試作・検証・修正を通じて、複雑な課題の攻略法を見つける。	試しながら条件を発見できる不確実な課題	プロトタイピング・仮説検証	プロダクト | Goodpatch | PM
sample-pattern-role-and-self	pattern-role-and-self	仮説	役割や正解を意識しすぎると、伸び伸びした出力が落ちる	気づき	私生活	面接や人との関わりで、役割や正解探しが強すぎると、自然な発言・判断が狭くなるという仮説。	自己理解 | 面接 | 自信 | パフォーマンス	ときどき		面接でも日常でも、役割を意識しすぎず『my rule』で動く必要があると考えている	2026年6月の自己理解メモ	個人	自分	力が出ない条件を、性格の欠点でなく状況と認知の問題として扱おうとしている	"自己理解メモ：のびのびやる
面接準備の会話"		当日対応	中程度	少人数	例外あり	前例なし | 関係者が多い	2	4	2	0	2	3	1	1	0	不意を突かれない準備は必要だが、準備が正解探しに変わると逆効果になる。	役割を意識することで、相手への配慮や責任が保てる場面もある。	面接回答を『正解』ではなく『自分の経験から言えること』で1分話す練習をする。	まだ使わない				
sample-pattern-meaningful-work	pattern-meaningful-work	仮説	仕事の価値を、成果だけでなく自分の納得と社会的意味で見たい	気づき	仕事	転職検討で、広報・PR・ブランディング・社会連携を通じて、何を増やす仕事かを考えている。	キャリア | 価値観 | PR | ブランディング	継続中		企業選びで、仕事内容だけでなく、解釈を企画・実装へ変えられるか、社会や人への意味があるかを重視している	2026年6月の転職検討	個人	自分	応募先の共通軸と、自分が伸び伸び働ける条件を探している	"候補企業の整理：コンセント、ファンベースカンパニー、inquire、Re:public、SIGNING、PARK、KESIKI等
転職検討メモ"		期限あり	高い	自分中心	前例なし	裁量あり | 前例なし | 目的が明確	4	3	3	1	3	2	1	2	0	言葉や企画が、実際に人や組織の行動を変える仕事に惹かれている。	価値観の一致を求めすぎると、現実的な条件や学べる環境を見落とす。	応募先ごとに『自分が提供できること』『学べること』『避けたい条件』を1枚で比較する。	候補	解釈を企画と実装へ変え、人や組織の行動につながる仕事を選ぶ。	価値観と実務の両方を確かめられる選考	キャリア判断・ブランドコミュニケーション	PARK | inquire | ファンベースカンパニー | コンセント
sample-career-pm-producer-pr	career-pm-producer-pr	自己観察	キャリアの役割優先度を、PM＞Producer＞PRとして整理する	気づき	仕事	広報を入口に持ちつつ、企画・進行・実装まで担うPM／プロデューサー役で力を出したい。	キャリア | PM | Producer | PR	継続中		転職の役割希望として、PM＞Producer＞PRの順を整理している	2026年6月	個人	自分	過去の経験を、次の役割選択へ接続している	"転職準備メモ
職務経歴書の主スキル整理"		期限あり	高い	自分中心	前例なし	目的が明確 | 文章化が必要	4	2	3	1	3	3	3	2	1	企画を言葉だけで終わらせず、関係者と実装・運用まで持つ役割に魅力を感じる。	役割名だけで選ぶと、実際の裁量や業務比率を見落とす。	求人ごとに『企画・進行・発信・運用』の比率を記録する。	候補	広報の視点を持ちながら、企画から実装までを進めるPM／プロデューサーを志向する。	企画・実装・関係者調整を横断できる役割	プロジェクトマネジメント・プロデュース	PARK | ShapePartner | OZMA
sample-career-company-fit	career-company-fit	自己観察	企業の表層ではなく、仕事の構造から相性を比較する	習慣	仕事	候補企業を、自然に力が出そうか、解釈を企画・実装へ変えられるか、領域相性はどうかで分類する。	転職 | 企業研究 | 比較 | 自己理解	継続中		候補企業をS/A/Bで分け、コンセント、ファンベースカンパニー、inquire、Re:public、SIGNING、PARK、KESIKI、HERALBONY、Goodpatch等の相性を比較している	2026年6月	個人	自分	社名や条件だけでなく、仕事の構造と自分の発揮条件を突き合わせている	"候補企業のS/A/B整理
面接準備メモ"		期限あり	高い	自分中心	前例なし	目的が明確 | 裁量あり	4	2	3	1	3	1	1	2	0	企業のかっこよさより、どんな課題をどんな手触りで扱うかを見る。	情報が公開されている企業ほど、発信の巧さに印象が引っ張られる。	面接で確認すべき『案件の進め方・裁量・評価・チーム』をテンプレート化する。	まだ使わない				
sample-work-replyable-confirmation-request	work-replyable-confirmation-request	事実	確認依頼を、相手が返しやすい選択肢と期限に分ける	能力・知識	仕事	確認してほしい背景、判断してほしい点、返答期限を分けて連絡する。	連絡 | 調整 | 合意形成 | 文章	繰り返し		社内外の確認依頼で、相手が何を判断し、どの形式で返せばよいかを分けて書く。	広報・制作・イベントの関係者調整	依頼・進行担当	社内各部署、制作会社、外部関係者	確認の往復や、論点の取り違えを減らしやすくした。	確認依頼メール、制作進行の連絡文、社内共有文		期限あり	高い	社外含む	例外あり	判断期限あり | 相手の前提が異なる | 文章化が必要	4	2	4	0	3	3	2	0	0	依頼文は丁寧さだけでなく、相手が返答できる構造にするほど進行の質が上がる。	前提を説明しすぎると、急ぎの案件では要点が埋もれる。	依頼の冒頭に「決めたいこと」「期限」「返信形式」を固定で置く。	候補	確認依頼を、相手が迷わず返せる形にする。	判断事項と期限を自分で整理できる案件	ステークホルダーコミュニケーション	PM | Producer | PR
sample-work-brief-to-production-spec	work-brief-to-production-spec	事実	制作依頼を、目的・優先順位・必須要件・納品物に分解する	能力・知識	仕事	曖昧な依頼を、制作側が判断できる要件へ変換する。	制作進行 | 要件定義 | デザイン | KV	繰り返し		KVや告知物の依頼を、目的、対象、必須文言、サイズ、優先順位、納品形式に分解する。	KV、ポスター、LP、広告、会場掲出物の制作依頼	要件整理・進行担当	デザイナー、制作会社、社内担当者	制作側の解釈余地を必要な範囲に残しつつ、外せない条件を共有した。	KV制作依頼、告知物デザインガイドライン、進行表		短納期	中程度	社外含む	例外あり	目的が明確 | 必須文言あり | サイズが複数 | 納品形式がある	4	3	4	0	3	2	2	3	0	要件を増やすほど良いわけではなく、優先順位が見えることが制作の助けになる。	背景を省きすぎると、意図のない“正しいだけの制作物”になりやすい。	依頼書の冒頭に「絶対条件」「大事にしたい印象」「提案してほしい部分」を分けて置く。	候補	曖昧な依頼を、制作が動ける仕様へ変える。	目的と対象者を確認できる案件	クリエイティブブリーフ設計	Producer | PM | Creative
sample-work-media-spec-normalization	work-media-spec-normalization	事実	入稿規定を、媒体ごとのサイズ・形式・締切で読み替える	実例	仕事	複数のシネアド媒体の規定を、制作チームが使える一覧に整理した。	シネアド | 入稿 | 媒体 | 制作進行	単発		ユナイテッド・シネマ浦和、イオンシネマ浦和美園、MOVIX川口、イオンシネマ川口の出稿を想定し、規定・入稿日・制作時の注意点を整理した。	2026年6月のシネアド出稿準備	情報整理・制作連携	制作チーム、媒体・代理店、社内担当者	媒体ごとの条件を混同せず、制作開始に必要な情報へ変換した。	シネアド出稿準備メモ、制作チーム向け整理資料		期限あり	中程度	社外含む	例外あり	外部規定あり | 複数媒体 | 納品形式あり	3	3	3	1	1	2	3	1	0	規定をそのまま転記するのではなく、制作側の作業順に並べると使われやすい。	公式規定は更新されるため、まとめ資料だけを正としない。	媒体別の差分だけが見える比較表にする。	候補	外部規定を、制作が迷わない実務情報へ翻訳する。	媒体資料と出稿目的が揃っている案件	メディア出稿オペレーション	PM | Producer
sample-work-business-day-backplanning	work-business-day-backplanning	事実	営業日数を数え、制作・確認の締切を逆算する	能力・知識	仕事	締切日から土日・確認工程を差し引き、実作業の開始時点を見極める。	進行管理 | スケジュール | 営業日 | 制作	繰り返し		入稿日や掲出開始日から、土日休みを考慮して必要な営業日数を算出し、制作・確認の順番を組み立てる。	告知物、広告、イベント準備の進行	進行設計	制作、社内確認者、外部媒体	締切直前に初めてリスクが見える状況を減らす。	入稿スケジュール整理、営業日数の算出、進行表		短納期	高い	複数部署	例外あり	判断期限あり | 確認工程あり | 休日が影響する	4	2	4	2	0	0	3	0	0	納品日だけでなく、確認が戻る日と修正ができる日を分けて置く必要がある。	関係者の確認速度を楽観視すると、逆算しても崩れる。	進行表に「最終判断日」と「修正バッファ」を必ず入れる。	候補	締切を、実際に動ける日程へ逆算する。	納期と確認工程が見えている案件	プロジェクトスケジューリング	PM | Producer
sample-work-publication-fact-check	work-publication-fact-check	事実	公開文の固有名詞・日付・年齢・所属を最後に照合する	能力・知識	仕事	文章の読みやすさだけでなく、公開情報として間違えられない項目を点検する。	校正 | リリース | ファクトチェック | 広報	繰り返し		移籍発表や体制発表などで、選手名、年齢、生年月日、サッカー歴、日付、表記を確認する。	公式リリース、案内文、報道向け文書	原稿確認・校正	広報、競技、関係部署、メディア	文章上の違和感と事実誤認を分けて確認できるようにした。	移籍発表文、新体制発表用データの確認依頼		期限あり	中程度	複数部署	定型	公開前確認 | 固有名詞が多い | 誤りの影響が大きい	3	3	4	1	3	0	2	0	0	表記統一と事実確認を同時にやると見落とすため、観点を分ける。	元資料自体が古い場合、文面だけ見ても正確性は担保できない。	固有名詞・日付・数字のチェック欄を公開前チェックリストへ固定する。	候補	公開文の“間違えられない情報”を最後に潰す。	根拠資料にアクセスできる公開案件	編集・ファクトチェック	PR | Editorial
sample-work-channel-specific-writing	work-channel-specific-writing	事実	同じ案件を、社内説明・社外告知・FAQに書き分ける	能力・知識	仕事	事実は同じでも、読む人が次に必要とする情報に合わせて構成を変える。	文章 | FAQ | 社内説明 | 告知	繰り返し		イベントや運用変更について、社内向けの背景説明、来場者向け告知、問い合わせ対応用FAQを別の役割で作る。	ホームゲーム・会員施策・運用案内	文章設計	社内担当者、来場者、会員、問い合わせ窓口	情報を一律に流すのではなく、相手の行動につながる文面にできる。	告知文、FAQ、社内共有文、依頼メール		期限あり	高い	社外含む	例外あり	受け手が複数 | 行動を促す | 問い合わせが想定される	5	2	4	0	3	2	2	2	0	読み手が知りたい順番を変えると、同じ情報でも通りやすさが変わる。	媒体ごとに言い換えすぎると、事実やトーンがずれる。	案件ごとに共通事実と媒体別の役割を先に分ける。	候補	同じ事実を、相手が動ける文章へ書き分ける。	対象者と目的が異なる複数の発信がある案件	コンテンツ設計・編集	PR | Content | Producer
sample-work-scenario-based-comment	work-scenario-based-comment	事実	想定外の試合展開に備え、コメントの複数パターンを用意する	実例	仕事	試合結果と個人の活躍度が異なるケースを分け、取材コメントの素材を準備した。	メディア対応 | コメント | 想定問答 | サッカー	単発		彩艶選手についての観戦コメント依頼に対し、活躍して勝った場合、活躍して負けた場合、ミスがあって負けた場合などを分けて文章の土台を準備した。	2026年6月の新聞社からのコメント依頼への対応準備	想定整理・文案作成	メディア、広報、クラブ関係者	結果が読めない取材依頼でも、事実に沿ったコメントを短時間で調整できる準備をした。	コメント案の分岐メモ		短納期	中程度	社外含む	前例なし	結果が未確定 | 短納期 | 言葉選びが重要	4	3	3	0	3	2	2	0	0	“想定を外さない”ためでなく、事実が確定した後に適切な重心を置くための準備になる。	先に書いた筋書きに引っ張られると、実際の試合内容を見落とす。	各パターンに、試合後に必ず確認する事実項目を添える。	候補	結果が読めない取材にも、事実に沿って即応できる土台を作る。	結果待ちでコメントが必要な広報案件	シナリオプランニング・メディア対応	PR
sample-work-extract-nonnegotiables	work-extract-nonnegotiables	事実	資料から必須文言・サイズ・例外を抽出する	能力・知識	仕事	長いガイドラインや依頼資料から、制作・運用に必要な条件だけを抜き出す。	要件整理 | 資料読解 | 制作進行 | チェックリスト	繰り返し		PDFやPowerPointのガイドラインから、必須文言、サイズ、ロゴ、入稿形式、禁止事項、確認フローを抜き出して共有する。	告知物、イベントKV、会場掲出物、広告の準備	要件確認・共有	制作、社内確認者、外部パートナー	資料を全員が読み直さなくても、作業に必要な条件を参照できるようにした。	デザインガイドライン整理、KV制作依頼、入稿スケジュール整理		期限あり	中程度	複数部署	例外あり	資料量が多い | 必須要件あり | 見落としリスクあり	4	2	4	1	2	0	3	0	0	要件の抜き出しは、情報量を減らすことではなく、担当者ごとの必要情報を見つけやすくすること。	重要度の判断を一人で決めすぎると、背景上の条件を落とす。	抽出内容を「必須」「要確認」「補足」に分けて渡す。	候補	長い資料から、現場が守るべき条件を抜き出す。	参照資料があり、制作・運用に落とす案件	要件抽出・オペレーション設計	PM | Producer
sample-work-venue-exception-review	work-venue-exception-review	事実	会場運用の不具合を、来場者導線の具体で振り返る	実例	仕事	雨天・雷雨などの例外時に起きた混乱を、導線と案内の単位で見直す。	会場運用 | 振り返り | 導線 | 危機対応	単発		駒場での雷雨対応を、再入場案内、通路滞留、屋根不足、案内の不統一といった具体的な論点へ分けて振り返った。	駒場開催時の雷雨対応に関する運営フィードバック	課題整理・改善検討	運営、警備、広報、来場者対応担当	“大変だった”で終わらせず、次回の運用設計に使える課題として残した。	駒場運営フィードバック、当日案内の記録		当日対応	中程度	複数部署	前例なし	現場運用あり | 安全配慮 | 短時間で判断	3	4	3	0	0	2	3	0	0	例外時ほど、案内の文章と物理的な導線を別々に見ず、同時に振り返る必要がある。	後からの記憶だけでは、実際の詰まり方を正確に捉えにくい。	当日ログに「案内内容」「発生地点」「判断者」を残す。	候補	現場の混乱を、次回の導線改善に変える。	大人数が動く現場運用案件	イベントオペレーション改善	PM | Operations | PR
sample-work-calendar-as-decision-tool	work-calendar-as-decision-tool	事実	スケジュール情報を、判断に使える年間カレンダーへ整える	実例	仕事	地域イベントや試合周辺の予定を一覧化し、施策の検討材料にした。	スケジュール | 地域連携 | 企画 | 整理	単発		地域イベントの日程を集め、開催時期や地域の重なりを見ながらクラブ施策を考えられるようにした。	地域連携・ホームタウンイベントの検討	情報整理・企画補助	地域関係者、社内企画担当	単発の予定表ではなく、施策の重なりや機会を見つける材料にした。	地域イベント年間日程の整理		期限あり	中程度	社外含む	例外あり	複数日程 | 地域差 | 企画検討	4	2	3	2	1	2	2	0	0	日程を並べるだけでなく、誰に届く機会かを添えると企画に使える。	未確定日程を確定情報として扱うと、調整コストが増える。	予定ごとに対象者・連携余地・確度を付ける。	候補	散らばった日程を、企画判断に使える地図にする。	複数の外部予定を横断して見る案件	機会マッピング・企画リサーチ	PM | Community
sample-work-role-based-issue-notes	work-role-based-issue-notes	事実	案件の論点を、関係者ごとの役割と判断に分けてメモする	能力・知識	仕事	“誰が何を決めるか”を残し、会話が論点から外れないようにする。	会議 | 論点整理 | 調整 | メモ	繰り返し		案件ごとに、広報、制作、営業、運営、外部パートナーなどの関係者が持つ目的・制約・判断事項を分けて整理する。	複数部署・社外関係者が関わるプロジェクト	論点整理・進行補助	社内各部署、外部パートナー	“意見が違う”を、立場や決めるべき事項の違いとして扱いやすくした。	会議メモ、企画整理、進行表		期限あり	高い	社外含む	例外あり	関係者が多い | 目的が複数 | 判断期限あり	4	3	4	0	3	3	2	0	0	相手の発言を要約するだけでなく、判断権と次の行動まで書くと合意が進む。	役割を固定しすぎると、実際の協力関係や例外対応を見落とす。	会議メモに「決定」「保留」「担当」「期限」を必ず分ける。	候補	意見の違いを、役割と判断の違いへ整理する。	複数の立場が交差する案件	ファシリテーション・論点整理	PM | Producer | PR
sample-work-design-next-action	work-design-next-action	事実	相手の次の一手から、告知・応募・来場の導線を考える	能力・知識	仕事	“知らせる”で終わらせず、受け手が次に何をするかを前提に設計する。	導線設計 | 集客 | 告知 | UX	繰り返し		イベントや会員施策で、対象者が告知を見た後に申し込む、購入する、来場する、問い合わせるまでの流れを考える。	チケット販促、会員施策、イベント告知	告知・導線設計	来場者、会員、広報、チケット、制作	発信量ではなく、行動の障壁を下げる設計へ意識を向けた。	申込案内、FAQ、KV制作依頼、チケット販促の検討メモ		期限あり	中程度	複数部署	例外あり	対象者が明確 | 行動を促す | 導線が複数	5	2	4	2	3	2	2	2	0	訴求を増やす前に、受け手が止まる地点を一つずつ確認する。	導線を細かくしすぎると、発信物が複雑になる。	案件ごとに「見た後の一歩」を一文で固定する。	候補	告知を、相手が次に動ける導線まで設計する。	対象者と行動目的が明確な施策	カスタマージャーニー・コンバージョン設計	Marketing | CRM | PR
sample-work-verify-data-definitions	work-verify-data-definitions	事実	データ定義が曖昧なまま集計せず、カラム・結合・用途を確認する	実例	仕事	データ連携や会員基盤の議論で、用語より先に定義と接続関係を確認した。	データ | BigQuery | 定義 | システム連携	単発		データ連携・アプリ開発・入場認証・会員システムの検討で、BigQuery、ミラーリング、ハッシュ化、データ定義、カラムの不明点を確認した。	2025年10月のデータ連携・会員基盤に関する会議	業務側の確認・整理	社内担当、ベンダー、データ担当	“連携する”という言葉を、実際のデータ項目・結合・利用目的へ落とす論点を持てた。	データ定義Excel、結合概念図、会議メモ		期限あり	中程度	社外含む	前例なし	技術用語が多い | 複数システム | データ利用目的あり	4	3	3	3	2	2	1	0	3	技術の詳細をすべて理解するより、業務で何ができる／できないかの境界を確認する。	用語だけを確認しても、実際のデータ品質や更新頻度は分からない。	業務要件・データ項目・利用画面を一本の対応表で見る。	候補	データ連携を、業務で使える定義まで下ろす。	業務側と技術側が同じ前提を持つ必要がある案件	データプロダクト要件整理	Product | Data | PM
sample-learning-english-paragraph-work	learning-english-paragraph-work	事実	英語記事を段落ごとに、原文・訳・表現へ分けて学ぶ	習慣	学習	読むだけで終わらせず、段落単位で意味と使える表現を残す。	英語 | 読解 | 翻訳 | 学習	継続中		クラブ声明などの英語記事を、原文、自然な日本語訳、難しい単語・表現の順で整理する。	英語学習・海外サッカー情報の読解	個人学習	自分	内容理解と、実際に使える語彙・言い回しを分けて蓄積できる。	段落ごとの英日整理、英語表現メモ			高い	自分中心	定型	興味のある題材 | 原文あり | 学習時間を確保	4	2	3	0	3	0	0	0	0	全文を一気に訳すより、段落ごとに主張と表現を分けた方が定着しやすい。	辞書や解説に寄りすぎると、全体の流れを見失う。	気に入った表現を、自分の短い英作文でも使う。	まだ使わない	英語の一次情報を、理解と表現の両方へ変える。	原文と学習目的があるとき	英語一次情報リサーチ	Learning | Research
sample-learning-long-content-structure	learning-long-content-structure	事実	動画や長文を、論点・要約・実務への示唆に分けて読む	能力・知識	学習	情報量の多いコンテンツを、内容理解と自分への適用に分ける。	要約 | リサーチ | 学習 | 構造化	繰り返し		YouTube文字起こし、書籍、記事を、話者の主張、根拠、批評、実務に使える論点へ整理する。	仕事・転職・趣味の情報収集	個人リサーチ	自分	“見た／読んだ”で終わらず、再利用できる知識へ変える。	動画文字起こしの整理、書籍・記事の解説メモ			高い	自分中心	例外あり	情報量が多い | 目的がある | 批評も必要	5	2	4	1	3	0	0	1	0	要約だけでは自分の判断にならないため、賛成できる点と疑問点を分ける。	整理に時間をかけすぎると、一次の体験や実行が減る。	1本ごとに「次に試すこと」を1つだけ残す。	候補	長い情報を、判断と行動に使える論点へ変える。	目的を持って読む・見るとき	リサーチシンセシス	Research | Strategy
sample-learning-explain-from-context	learning-explain-from-context	事実	初見の人向けに、背景→用語→具体例の順で説明を組む	能力・知識	学習	知識の前提を飛ばさず、分からない状態から理解できる順番をつくる。	説明 | 文章 | 教育 | 構造化	繰り返し		音楽、スポーツ、PR、科学などのテーマで、そもそもの背景、用語、歴史、具体例、批評の順に説明を組み立てる。	文章作成、情報整理、学習メモ	構成・編集	初学者、社内外の読み手	前提知識がない人にも、途中で置いていかれにくい説明を作る。	楽曲解説、概念説明、社内向け説明文の作成依頼			高い	複数の読み手	例外あり	初見の読み手 | 専門用語がある | 背景説明が必要	5	2	4	0	3	2	0	2	0	“わかりやすさ”は情報を雑に減らすことではなく、理解の足場を順番に置くこと。	背景を厚くしすぎると、結論へたどり着く前に離脱される。	読み手が最初に必要な前提を3つ以内に絞る。	候補	初見の人が理解を積み上げられる順番をつくる。	読み手の前提知識を想定できるとき	インストラクショナルデザイン・編集	PR | Content | Strategy
sample-work-copy-ready-format	work-copy-ready-format	事実	コピペ用途に合わせて、TSV・JSON・テキストブロックを使い分ける	能力・知識	仕事	内容だけでなく、相手が次に使う場所まで想定して出力形式を選ぶ。	TSV | JSON | 業務効率化 | 情報整理	繰り返し		数値や項目の並びはTSV、構造や画面案はJSON、共有・依頼文はそのまま貼れるテキストとして整理する。	業務資料、個人開発、AIとの協働、スプレッドシート運用	情報設計・整形	自分、社内関係者、制作関係者	内容を再入力せず、次のツールや担当者へ渡しやすくする。	TSVでの営業日整理、KVレイアウトJSON、各種テンプレート			高い	複数部署	定型	再利用が前提 | 表形式が必要 | 構造が複雑	5	1	4	3	2	0	2	0	2	読みやすさと貼りやすさは別なので、受け渡し先の形式から逆算する。	形式にこだわりすぎると、相手にとって馴染みのない運用を押しつける。	よく使う出力形式をテンプレート化する。	候補	情報を、次に使う人がそのまま使える形へ整える。	再利用先が想定できる情報整理	データ整形・オペレーション設計	PM | Operations | Data
sample-dev-package-structure-check	dev-package-structure-check	事実	ファイル配布時に、解凍後のフォルダ階層と参照切れを確認する	実例	私生活	作ったものが相手の環境で開けるかを、配布の最後まで確認する。	GitHub | 配布 | ファイル構成 | 個人開発	単発		Chrome拡張やWebアプリをZIP化する際に、二重フォルダにならない構造、assets/iconsの配置、相対パス、GitHub公開を想定して確認した。	個人開発したChrome拡張・GitHub Pages向けツール	仕様確認・配布設計	自分、将来の利用者	“ローカルでは動く”だけでなく、配布後に迷わず使える状態を意識した。	tab shelter extension、countvoice、selfanalysisのZIP構成			高い	自分中心	例外あり	ファイルが複数 | 公開が前提 | アイコン・assetsあり	4	2	3	0	0	0	2	0	3	アプリ本体より、最初に開く人が迷う配置や参照の方が利用継続に効く。	配布形式だけに時間をかけると、本体機能の改善が遅れる。	ZIP作成前チェックをREADMEと自動確認に分ける。	候補	作ったものを、相手の環境で使える状態まで持っていく。	静的サイトや軽量ツールを配布するとき	デリバリー品質・開発運用	Product | Operations
sample-dev-mobile-bug-reproduction	dev-mobile-bug-reproduction	事実	スマホで起きる不具合を、端末・操作・タイミングに分けて考える	実例	私生活	“動かない”を一括りにせず、どの場面で何が起きるかへ分解する。	UX | モバイル | 不具合 | 個人開発	単発		スマホの入力中に画面が上がり続ける問題や、iPhone Safariのお気に入りでアイコンが出ない問題を、発生端末、操作、登録方法、表示場所に分けて確認した。	kakidas、countvoiceなどの個人ツール改善	利用者・仕様検討者	自分	見た目の修正だけでなく、再現条件をもとに改善の方向を決めた。	スマホ入力不具合の検討、Safariアイコン表示の検証			高い	自分中心	前例なし	端末差あり | 操作中に発生 | 再現が必要	4	3	3	0	1	0	2	0	3	不具合の説明は、症状よりも“何をしたとき、何が変わるか”で残す。	一台の端末だけで再現しない場合、原因を断定しやすい。	報告テンプレに端末・ブラウザ・手順・期待値・実際を置く。	候補	曖昧な不具合を、再現できる条件へ分ける。	ユーザー体験に関わる改善案件	UXデバッグ・問題切り分け	Product | UX | PM
sample-dev-safe-data-change	dev-safe-data-change	事実	変更前に、データの差分と戻し方を用意する	能力・知識	私生活	更新の便利さより、誤操作で壊れない設計を優先する。	データ設計 | TSV | バックアップ | 個人開発	繰り返し		selfanalysisのTSV取り込みで、追加・部分更新・全件復元・全置換を分け、反映前差分、自動バックアップ、Undoを設計した。	selfanalysisの設計・実装	要件設計・検証	自分	便利な一括取り込みが、記録の消失につながらない仕様を考えた。	TSV入出力仕様、操作履歴、__CLEAR__ルール			高い	自分中心	前例なし	既存データあり | 一括更新 | 元に戻す必要あり	4	2	3	3	0	0	3	0	3	“操作できる”より“失敗しても戻れる”の方が、日常的な利用には重要。	安全策を増やしすぎると、通常操作が重くなる。	破壊的操作だけ確認を厚くし、日常操作は短く保つ。	候補	データを便利に扱いつつ、壊しても戻れる設計にする。	データ更新や運用設計があるプロダクト	データUX・リスク設計	Product | UX | Operations
sample-work-keep-small-log	work-keep-small-log	事実	仕事ログを、連絡手段と作業種類に分けて残す	習慣	仕事	電話・メール・会話・個人作業まで、後から振り返れる粒度で記録する。	ログ | 振り返り | 仕事術 | ナレッジ	継続中		日々の仕事を、広報、制作、企画、調整、開発などの作業種類と、LINE、電話、会話、メール、個人作業などの接点に分けて残す。	日常業務の振り返り	個人記録	自分	忙しい時期でも、何に時間を使い、何が積み上がったかを後から回収しやすくした。	仕事ログ、会話・作業メモ			高い	自分中心	定型	作業が多い | 中断が多い | 振り返りが必要	4	1	4	1	2	0	2	0	0	大きな成果だけでなく、連絡や確認の積み重ねを残すと、仕事の実像が見える。	細かく残しすぎると、ログそのものが仕事になる。	後で使う可能性がある記録にだけ短いタグを付ける。	候補	日々の細かい仕事を、後で回収できる形で残す。	複数案件を並行する働き方	ワークログ・ナレッジマネジメント	Operations | PM
sample-work-argue-against-own-plan	work-argue-against-own-plan	事実	あえて反対意見から、企画や仕様の弱点を探す	習慣	仕事	賛成理由だけで進めず、失敗・誤解・運用負荷の側から見直す。	批評 | 企画 | 仕様 | リスク	繰り返し		自己分析ツールの設計や企画の検討で、悪魔の代弁者として哲学・心理・教育・UXの観点から弱点を出し、設計を練り直す。	企画・個人開発・キャリア整理の検討	企画者・レビュー担当	自分、関係者	“よさそう”で終わらず、誤解、評価の歪み、運用事故の可能性まで確認できる。	selfanalysis再設計、企画・文章への批評依頼			高い	自分中心	前例なし	正解が一つでない | 後戻りコストが高い | 運用が続く	5	2	4	1	3	1	2	2	0	反対意見は案を止めるためでなく、採用する条件を明確にするために使う。	批評を増やしすぎると、決めること自体を先延ばしにしやすい。	批評の最後に「それでも進めるなら何を守るか」を一文で置く。	候補	自分の案に反対する視点を置き、実行に耐える形へ磨く。	企画・プロダクト・運用の設計段階	クリティカルシンキング・リスクレビュー	Strategy | PM | Product
sample-life-listen-for-next-conversation	life-listen-for-next-conversation	自己観察	相手の話の細部を振り返り、次回の会話の入口にする	習慣	人間関係	会話の直後に、自分の印象だけでなく相手が話した事実や関心を振り返る。	傾聴 | 対人 | 振り返り | 関係構築	ときどき		人と会った後に、相手の仕事、趣味、予定、言葉の使い方など、次に自然に話せる入口をメモや記憶で振り返る。	友人・知人との会話	個人の対人コミュニケーション	友人・知人	自分が話せたかだけでなく、相手への理解を更新しようとする。	会話後の振り返りメモ			高い	少人数	例外あり	一対一の会話 | 次回も関係が続く | 相手の話を聞く余裕	4	2	3	0	2	3	0	0	0	会話を“自分がどう見られたか”だけで終わらせないと、次回の関係が少し自然になる。	細部を記憶しようとしすぎると、会話中の自然さが落ちる。	次回は一つだけ、前回相手が話したことに触れてみる。	まだ使わない	相手の話を、次の関係づくりに持ち帰る。	継続的に関わる相手との対話	アクティブリスニング・関係構築	
sample-career-interview-surprise-prep	career-interview-surprise-prep	自己観察	不意を突かれないよう、面接前に質問の型と答えの根拠を用意する	習慣	学習	面接を“正解当て”にせず、経験の根拠を言葉にして臨む。	面接 | 準備 | キャリア | 自己理解	ときどき		面接で問われそうな強み、実績、志望理由を、抽象語ではなく具体例と数値・制作物の根拠で準備する。	転職活動・面接準備	応募者	自分、面接官	その場の印象だけに頼らず、自分の経験から答えられる状態を目指す。	職務経歴書、面接想定問答、実績台帳の設計			高い	自分中心	例外あり	質問が予想できる | 経験の棚卸しがある | 準備時間がある	3	3	3	0	3	2	0	0	0	準備は答えを固定するためでなく、不意な問いにも経験から考えられる余白を作るため。	準備した言葉に寄りすぎると、対話としての面接が硬くなる。	想定外の質問に対しても、事実→考え→今後の順で答える練習をする。	候補	面接で、経験の根拠から考えて答えられるように準備する。	自分の実績を振り返る時間があるとき	インタビュー準備・キャリアストーリーテリング	Career
sample-observation-hypothesis-under-uncertainty	observation-hypothesis-under-uncertainty	自己観察	答えがない状況でも、目的・制約・判断期限を仮置きする	性質	仕事	唯一の正解が見えないときも、何を決めるべきかを仮に置いて動き出そうとする。	判断 | 仮説 | 不確実性 | 課題設定	繰り返し		前例が少ない案件や答えが一つに定まらない議論で、目的、制約、判断基準、期限を置き、調査・対話・試行を進める。	企画、仕様検討、キャリア整理、関係者調整	企画・判断補助	自分、関係者	“答えがない”を、何もしない理由にせず、検証可能な仮説へ変えようとする。	What Can I Do?の運用設計、selfanalysisの再設計、各種企画検討の会話		期限あり	中程度	複数部署	前例なし	正解が一つでない | 判断期限あり | 調査できる	4	3	3	1	3	2	2	0	0	仮置きは決め打ちではなく、次に確かめるための足場として使う。	仮説の精度を求めすぎると、着手が遅れる。	迷う案件では、最初に「目的・制約・期限・次の確認」を4行で書く。	候補	正解が見えなくても、判断の足場を置いて前に進める。	目的と期限を共有できる不確実な案件	仮説思考・意思決定支援	Strategy | PM | Producer
sample-observation-do-not-abandon-question	observation-do-not-abandon-question	自己観察	手段を変えても、解くべき問いから逃げない	性質	仕事	方法の変更を、目的や課題そのものの放棄にしない。	粘り強さ | 課題解決 | 目的 | 判断	繰り返し		企画や検討で、最初の案がうまくいかない場合も、方法を変えながら、最初に解くべきだった課題を曖昧にして終わらせないようにする。	仕事の企画・改善、個人開発、キャリアの検討	課題設定・推進	自分、関係者	“答えがない”“難しい”という言葉を、検討を止める理由にしない姿勢がある。	ユーザー自身の自己観察「手段に固執しないとしても、そこから逃げすぎない」		期限あり	中程度	複数部署	前例なし	目的が共有されている | 試行余地がある | 判断期限あり	4	3	3	0	3	2	2	0	0	手段への執着と、問いへの責任は別に扱う。	課題を抱え続けることで、優先順位を誤る可能性がある。	継続する課題には、いつまでに何をもって見直すかの終了条件を置く。	候補	手段は変えるが、解くべき問いは手放さない。	目的と制約がある改善・企画案件	問題解決の粘り強さ	Strategy | PM
sample-work-evidence-with-counterexample	work-evidence-with-counterexample	事実	自分の記録に、反証と次の検証を同時に置く	能力・知識	私生活	できたことだけを残さず、うまくいかない条件と次の確認も一緒に記録する。	振り返り | 学習 | 検証 | 自己分析	繰り返し		実績台帳の設計で、事実、証拠、条件、反証、次に試すことを分け、自己PRだけに寄らない記録を作った。	selfanalysisの設計・初期台帳作成	記録設計	自分	自分の強みを断定せず、どの条件で再現できるかを検証できる形にした。	selfanalysisのデータ構造、SAMPLE_DATA.md、初期台帳			高い	自分中心	前例なし	振り返りが必要 | 自己評価の歪みを避けたい | 次の行動に繋げたい	5	1	4	2	3	0	2	0	2	記録が自己肯定の材料だけになると、次に改善する場所が消える。	反省項目を増やしすぎると、記録の負担が上がり継続しない。	重要な記録だけに、反証と次の実験を足す。	候補	成果と失敗条件を一緒に残し、次の改善に使う。	振り返り・学習・改善が必要な仕事	リフレクション設計・継続的改善	Product | Learning | PM
sample-work-compare-alternatives-by-difference	work-compare-alternatives-by-difference	事実	複数案を並べ、違いと選ぶ条件を言葉にする	能力・知識	仕事	案を増やすだけでなく、何が違い、どの条件なら選ぶかを整理する。	比較 | 企画 | 意思決定 | 整理	繰り返し		コピー案、KV案、企業候補、企画の方向性などで、複数案を並べ、ターゲット、目的、懸念、実行条件の違いを言語化する。	企画設計、転職活動、制作ディレクション	比較・判断補助	自分、関係者	好みだけで決めず、目的に対する違いとして選びやすくする。	コピー案の比較、企業の相性整理、KV案の検討			高い	複数部署	例外あり	選択肢が複数 | 選定理由が必要 | 目的がある	5	2	4	1	3	2	0	2	0	複数案は数より、比較軸があることで初めて判断材料になる。	比較項目を増やしすぎると、違いが見えなくなる。	案を比べるときは、最初に3つの比較軸だけを置く。	候補	複数案の違いを、選ぶための言葉にする。	選定や合意が必要な企画	オプション評価・意思決定支援	Strategy | Producer | PM
sample-work-surface-real-constraints	work-surface-real-constraints	事実	“できるか”ではなく、運用で詰まる条件まで先に出す	能力・知識	仕事	企画や仕組みを考えるとき、例外・担当・導線・納期まで含めて成立を見ようとする。	運用設計 | 例外処理 | 企画 | 実装	繰り返し		イベント、告知、アプリ仕様、TSV更新などで、通常ケースだけでなく、例外、誤操作、当日対応、担当の抜けを先に検討する。	広報・イベント運用、個人開発の仕様設計	企画・運用設計	関係者、利用者、自分	企画が“できそう”で終わらず、実際に回る条件へ近づける。	駒場運営フィードバック、TSV安全設計、イベント運用設計			高い	複数部署	例外あり	当日運用あり | 例外が起きる | 関係者が複数	4	3	4	0	2	2	3	0	2	例外を考えることは悲観ではなく、普段の体験を守るための設計になる。	例外を先に考えすぎると、初動や新規性が弱くなる。	重要度の高い例外だけを3つに絞って検討する。	使う	企画を、現場で詰まらない運用まで考える。	複数の担当・利用者・例外がある案件	オペレーショナルデザイン	PM | Producer | Operations
sample-constraint-car-driving	constraint-car-driving	自己観察	車の運転を、日常・業務移動の前提に置けない	できないこと・制約	私生活	現時点では、車の運転を安定した移動手段として使う働き方・移動計画は選ばない。	車の運転 | 移動 | 働き方 | 制約	継続中		移動や出張、イベント準備では、公共交通・徒歩・タクシー・同乗など、運転以外の手段を前提に組み立てる。	日常の移動・出張・イベント会場へのアクセス設計	本人	本人		本人の自己申告・会話ログをもとにした初期記録。必要に応じて更新する。			高い	本人中心	例外あり	公共交通で到達できる | タクシー利用が可能 | 同乗者がいる | 運転が必須ではない		3		0	2	0	2	0	0	これは能力の優劣ではなく、移動手段の制約。役割・勤務地・当日運営の設計で先に確認する。	車での機材搬入・地方移動・深夜の単独移動が必須になる役割では、代替手段や担当分担がないと詰まる。	求人・案件では「運転必須」の有無を確認し、必要なら公共交通・タクシー・同乗・配送を最初から手配する。	まだ使わない	車の運転が必須でない移動設計を前提にする。	公共交通・タクシー・同乗など、代替移動手段を確保できる環境	移動制約を織り込んだ業務設計	私的記録 | 働き方の条件
sample-constraint-early-rising	constraint-early-rising	自己観察	早朝起床を、毎日安定してできる標準稼働には置けない	できないこと・制約	健康	早朝始業を常態化させる働き方は、現時点ではコンディションを安定させにくい。	早起き | 睡眠 | 働き方 | 体調管理	継続中		始業時刻が極端に早い予定や、早朝から高い集中を求められる予定は、前日準備・移動・睡眠を含めて判断する。	日常の生活リズムと、早朝予定が続くときの体感	本人	本人		本人の自己申告・会話ログをもとにした初期記録。必要に応じて更新する。			高い	本人中心	例外あり	始業時刻が極端に早くない | 前日に準備できる | 連続しない | 回復時間がある		4		0	2	0	2	0	0	早起きの可否を根性で扱わず、勤務時間・移動時間・重要判断の配置として設計する。	単発の早朝対応は可能でも、連日続くと睡眠や集中の質が落ち、判断ミスのリスクが上がる。	早朝予定は連続させず、重要な作業は日中の集中しやすい時間に置く。必要時は前日準備をチェックリスト化する。	まだ使わない	早朝固定を前提にしない働き方を選ぶ。	始業時刻・前日準備・回復時間を調整できる環境	コンディションを前提にした業務設計	私的記録 | 働き方の条件
sample-constraint-irregular-hours	constraint-irregular-hours	自己観察	早朝・深夜の不規則稼働を連続させると、安定した判断を保ちにくい	できないこと・制約	健康	単発の変則対応はできても、早朝・深夜・長時間移動が連続するスケジュールは、判断と回復の質を落としやすい。	不規則勤務 | 睡眠 | スケジュール | 判断	継続中		試合日・イベント日・面接準備などで時間が不規則になると、翌日の集中・対人対応・細かな確認に影響が出やすい。	不規則な予定が重なる時期の自己観察	本人	本人		本人の自己申告・会話ログをもとにした初期記録。必要に応じて更新する。			高い	本人中心	例外あり	連続しない | 翌日に回復時間がある | 重要判断を翌朝に置かない | 移動時間に余白がある		5		0	2	0	2	0	0	変則稼働を避けるだけでなく、重要度の高い判断をどこに置くかで事故を減らせる。	「当日だけ乗り切る」設計では、翌日の細かな確認や対人コミュニケーションまで含めた負荷を見落とす。	変則日程の前後に回復枠を置き、翌朝に重要な承認・公開・交渉を集めない。	まだ使わない	不規則稼働の連続を前提にしない。	回復日と判断時間を確保できるスケジュール	負荷を見越したスケジュール設計	私的記録 | 働き方の条件
sample-constraint-deadline-free-work	constraint-deadline-free-work	自己観察	締切のない長期タスクを、外部の仕組みなしで継続するのは難しい	できないこと・制約	仕事	期限・相手・完了条件がない仕事は、重要でも着手や継続が後ろにずれやすい。	締切 | 集中 | 外部化 | 習慣化	継続中		学習、改善、整理のような無期限タスクは、締切、共有相手、成果物、5分単位の開始条件がないと進みにくい。	学習・個人開発・自己整理の継続での自己観察	本人	本人		本人の自己申告・会話ログをもとにした初期記録。必要に応じて更新する。			高い	本人中心	例外あり	締切がある | 人に見せる予定がある | 小さな完了条件がある | 開始手順が短い		3		0	2	0	3	0	0	意欲の問題として責めるより、外部化と締切設計で動ける構造をつくる方が現実的。	長期目標だけを置くと、日々の行動に落ちず、別の緊急タスクに押し流される。	無期限の課題は、週次の提出物・公開日・相手・15分の開始枠に分解する。	まだ使わない	無期限の課題は、締切と成果物を外付けして進める。	短い締切、共有相手、具体的な完了条件があるとき	自己管理の構造化	私的記録 | 働き方の条件
sample-constraint-working-memory	constraint-working-memory	自己観察	複数案件の細部を、記憶だけで保持し続けることは難しい	できないこと・制約	仕事	多案件の進行、例外、期限、関係者の発言を頭の中だけで扱い続けるのは安定しない。	外部化 | メモ | 進行管理 | 情報整理	継続中		会議、タスク、企画の条件、個人の気づきは、メモ・表・進行表・JSONなどの外部記憶に出してから扱う。	複数案件の進行と、自作ツール・メモ運用での自己観察	本人	本人		本人の自己申告・会話ログをもとにした初期記録。必要に応じて更新する。			高い	本人中心	例外あり	メモがある | 一覧で見える | 次の行動が明記されている | 更新場所が一つに決まっている		3		0	2	0	3	0	2	記憶力の問題として抱え込まず、外部化した後に考えると、精度と安心感が上がる。	記憶に頼ると、例外対応・関係者の確認事項・後で必要な根拠が抜ける。	案件ごとに「目的・決裁者・期限・次の一手・根拠」を一箇所に置く。	まだ使わない	記憶ではなく、見える台帳で複数案件を扱う。	更新場所が一つで、次の行動と根拠が外部化されているとき	情報の外部化・業務可視化	私的記録 | 働き方の条件
sample-constraint-unclear-brief	constraint-unclear-brief	自己観察	目的・決裁者・期限が不明な依頼を、即断で進めることは難しい	できないこと・制約	仕事	依頼の背景や判断者が不明なまま、着手内容を確定させると手戻りが大きくなりやすい。	依頼整理 | 要件定義 | 合意形成 | 判断	継続中		曖昧な依頼を受けたときは、目的、対象者、完成形、決裁者、締切、例外を確認してから設計する。	広報・制作・イベント運用・個人開発の依頼整理	本人	本人		本人の自己申告・会話ログをもとにした初期記録。必要に応じて更新する。			高い	本人中心	例外あり	目的が明確 | 決裁者が明確 | 判断期限がある | 完成形が見える		3		0	3	3	2	0	0	これは優柔不断ではなく、誤った方向への高速な着手を避けるための前提確認。	確認を増やしすぎると、初動が遅くなり、相手に負担をかけることもある。	最初の確認は3点までに絞り、必要なら仮案を添えて返す。	まだ使わない	目的と決裁条件が不明なまま、着手内容を確定しない。	目的・対象者・決裁者・期限を短く確認できるとき	要件定義・リスク管理	私的記録 | 働き方の条件
sample-constraint-oral-only-alignment	constraint-oral-only-alignment	自己観察	複雑な依頼の認識合わせを、口頭だけで完了するのは難しい	できないこと・制約	仕事	関係者が多い案件や例外がある案件は、口頭で話しただけでは解釈差や抜けが残りやすい。	文章化 | 会議 | 認識合わせ | 進行管理	継続中		会議後に要点、決定事項、未決事項、期限、担当を文章で残し、必要なら図や表にして共有する。	社内外の調整、進行表、企画書、FAQ、メール作成	本人	本人		本人の自己申告・会話ログをもとにした初期記録。必要に応じて更新する。			高い	本人中心	例外あり	文章で残せる | 決定事項がある | 担当と期限が明確 | 関係者が確認できる		2		0	3	3	3	0	0	口頭の熱量を否定せず、後工程で迷わない形へ変換する役割が必要。	緊急時や短時間の打合せでは、記録を作ること自体が遅れになることもある。	重要案件は「決定・未決・担当・期限」の4点だけでも当日中に残す。	まだ使わない	複雑な合意は、口頭だけで終わらせず記録に残す。	共有先と決定事項が明確な案件	ドキュメンテーション・合意形成	私的記録 | 働き方の条件
sample-constraint-improv-answer	constraint-improv-answer	自己観察	即興で「正解らしい答え」を返そうとすると、思考が狭くなりやすい	できないこと・制約	人間関係	不意の質問や評価される場で、最適解をすぐ出そうとすると、普段より伸び伸び考えにくくなる。	面接 | 即興 | 準備 | 自己表現	継続中		面接、初対面、重要な会議では、想定問答、論点メモ、仮説の置き方を準備して、答える余白をつくる。	面接準備と自己観察	本人	本人		本人の自己申告・会話ログをもとにした初期記録。必要に応じて更新する。			高い	本人中心	例外あり	想定問答がある | 一呼吸置ける | 結論の型がある | 不意打ちの範囲を減らせる		4		0	3	2	1	0	0	即興力を万能視せず、準備で自分の言葉を出しやすくする。	準備しすぎると、会話が硬くなり、相手の話を受け取れなくなる。	質問ごとに正解を暗記せず、「結論・理由・例」の3点だけ用意する。	まだ使わない	即興の正解探しに頼らず、準備で自分の言葉を出す。	話の型と、考える一拍を確保できる場	コミュニケーション準備・面接設計	私的記録 | 働き方の条件
sample-constraint-ambiguous-decision-alone	constraint-ambiguous-decision-alone	自己観察	正解のない課題を、一人で抱えたまま判断し続けるのは難しい	できないこと・制約	仕事	前例がなく利害や不確実性が大きい課題は、考え続けるだけでは判断が重くなりやすい。	判断 | 相談 | 仮説思考 | 意思決定	継続中		論点、仮説、選択肢、判断期限を外に出し、必要な相手に相談して次の一手を決める。	企画・キャリア・個人開発の判断での自己観察	本人	本人		本人の自己申告・会話ログをもとにした初期記録。必要に応じて更新する。			高い	本人中心	例外あり	相談相手がいる | 判断期限がある | 選択肢を並べられる | 小さく試せる		4		0	3	2	2	0	0	「答えがない」ことから逃げないが、一人で答えを抱え続けない。	相談を増やしすぎると、責任の所在が曖昧になったり、判断が遅れたりする。	相談は「何を決めたいか」「自分の仮説」「期限」を添えて1〜2人に絞る。	まだ使わない	正解のない課題は、仮説と期限を置いて相談する。	相談相手と判断期限があるとき	意思決定支援・論点整理	私的記録 | 働き方の条件
sample-constraint-unresolved-discomfort	constraint-unresolved-discomfort	自己観察	曖昧な違和感を放置したまま、作業を進めるのは難しい	できないこと・制約	仕事	表現、目的、数値、運用のどこかに違和感があると、納得できるまで確認や言語化をしたくなる。	違和感 | 品質 | 校正 | 判断	継続中		文章、企画、データ、導線で「なぜ違うのか」を要素に分け、必要なら関係者に確認する。	文章校正、企画設計、データ確認、UI仕様検討	本人	本人		本人の自己申告・会話ログをもとにした初期記録。必要に応じて更新する。			高い	本人中心	例外あり	違和感を言語化できる | 確認相手がいる | 判断期限がある		3		0	3	0	2	0	0	違和感は雑に流さない方が品質に効く。ただし、重要度を見誤ると進行を止める。	細部の違和感に集中しすぎると、全体の期限や目的を見失うことがある。	違和感は「影響度・戻しにくさ・確認コスト」で優先順位を付ける。	まだ使わない	違和感を放置しないが、影響度で扱いを決める。	確認先と判断期限があるとき	品質管理・論点整理	私的記録 | 働き方の条件
sample-constraint-others-eyes	constraint-others-eyes	自己観察	他者の期待や評価を完全に切り離して、自己基準だけで判断するのは難しい	できないこと・制約	人間関係	相手の反応、役割期待、周囲の正解を意識しすぎると、自分の考えが狭くなることがある。	評価不安 | 自己表現 | 合意形成 | 面接	継続中		会議・面接・対人場面では、相手に合わせる前に、自分の仮説や目的をメモに書き出す。	面接準備、仕事の合意形成、対人関係での自己観察	本人	本人		本人の自己申告・会話ログをもとにした初期記録。必要に応じて更新する。			高い	本人中心	例外あり	事前に自分の考えを外に出す | 役割と本音を分けて考える | 一人で振り返る時間がある		4		0	3	3	1	0	0	相手の立場を読む力は価値だが、それだけに寄ると自分の提案が弱くなる。	自己基準を強く出しすぎると、相手の事情や組織の制約を見落とす。	会議前に「自分の主張・相手の事情・共通目的」を3行で整理する。	まだ使わない	相手の期待を読みつつ、自分の仮説も先に持つ。	事前に論点を言語化できる場	対人バランス・自己表現	私的記録 | 働き方の条件
sample-constraint-many-inputs	constraint-many-inputs	自己観察	同時に多くの依頼・通知が入ると、優先順位が崩れやすい	できないこと・制約	仕事	複数の連絡やタスクが同時に入ると、緊急度・重要度・自分の役割が混ざり、着手順を誤りやすい。	優先順位 | タスク管理 | 通知 | 外部化	継続中		メール、チャット、会議、制作確認、当日対応を受けたら、締切・影響・依頼者・次の一手で一覧化する。	広報・イベント・制作進行・日常の自己管理	本人	本人		本人の自己申告・会話ログをもとにした初期記録。必要に応じて更新する。			高い	本人中心	例外あり	一覧に出せる | 締切が明確 | 優先順位を相談できる | 通知を一時停止できる		4		0	2	0	3	0	1	処理能力の問題として抱え込まず、受信箱と優先順位の見える化が必要。	一覧を作ること自体に時間を使いすぎると、緊急対応が遅れる。	まず10分で「今日必須・今週・保留」に分け、迷う案件だけ相談する。	まだ使わない	同時多発の依頼は、一覧に出してから優先順位を付ける。	締切と影響度を確認できるとき	タスクトリアージ・業務設計	私的記録 | 働き方の条件
sample-constraint-monotone-long-focus	constraint-monotone-long-focus	自己観察	長時間の単純反復作業を、集中の波を無視して続けるのは難しい	できないこと・制約	学習	単調な作業や締切の遠い作業を、気合だけで長時間続けると、注意が散りやすくなる。	集中 | タイマー | 習慣 | 作業設計	継続中		短いカウント、タイマー、作業の見える化、他者への共有など、開始と継続の支えを使う。	集中法・カウントアプリの検討・学習習慣の自己観察	本人	本人		本人の自己申告・会話ログをもとにした初期記録。必要に応じて更新する。			高い	本人中心	例外あり	短い時間区切り | 作業量が見える | 開始合図がある | 中断後に戻れる		4		0	2	0	3	0	1	集中を一気に長く保つより、戻りやすい仕組みをつくる方が再現性が高い。	区切りが細かすぎると、かえって作業の流れが切れる。	作業の種類ごとに5分・15分・30分の区切りを使い分ける。	まだ使わない	長時間集中を前提にせず、戻れる仕組みを使う。	短い区切りと、再開しやすい作業環境	集中環境の設計	私的記録 | 働き方の条件
sample-constraint-english-live-negotiation	constraint-english-live-negotiation	自己観察	英語で専門的な交渉・即興会議を単独で主導する水準は、現時点では前提に置かない	できないこと・制約	学習	英語の記事を読み、要点を整理する力は伸ばしているが、専門的な交渉や会議進行を単独で担う力は別途検証が必要。	英語 | 会議 | 学習 | スキル境界	継続中		英語の一次情報収集、要約、表現の学習を継続しつつ、会話・会議での運用は段階的に広げる。	英語学習と海外記事の読解・要約	本人	本人		本人の自己申告・会話ログをもとにした初期記録。必要に応じて更新する。			高い	本人中心	例外あり	事前資料がある | 論点を準備できる | 必要時に日本語支援がある | 短い発話から始められる		4	2	0	3	2	1	0	0	読解と会話・交渉を混同せず、できる範囲を具体的に扱う。	「英語が苦手」と一括りにすると、すでに使えている読解・要約の強みも見えなくなる。	英語での要約、短い自己紹介、質問、5分説明を別々に記録して検証する。	まだ使わない	英語は読解・要約から使い、即興交渉は段階的に広げる。	事前資料と論点整理があり、必要時に補助を得られる場	英語での情報収集・段階的な実務運用	私的記録 | 働き方の条件
sample-constraint-design-final-delivery	constraint-design-final-delivery	自己観察	デザインの最終品質を、専門職レベルで単独完結する前提には置かない	できないこと・制約	仕事	KVや告知物の意図、要件、コピー、制作進行は担えるが、最終的な視覚表現の完成度はデザイナーとの協働を前提にする。	デザイン | 制作進行 | 協働 | 要件定義	継続中		目的、ターゲット、必要要素、入稿仕様、確認観点を整理し、制作物の質を上げるために専門職と協働する。	KV・OOH・シネアド・告知物の制作進行	本人	本人		本人の自己申告・会話ログをもとにした初期記録。必要に応じて更新する。			高い	本人中心	例外あり	デザイナーがいる | 要件が言語化されている | 確認期限がある | 役割分担が明確		2	3	0	3	2	3	2	0	「自分で全部できる」より、良いアウトプットを出す役割分担を明確にする方が実務的。	制作意図を曖昧に渡すと、専門職に任せても期待する方向とずれる。	依頼時に目的・対象・優先順位・必須要件・NGを1枚にまとめる。	まだ使わない	デザインは単独完結せず、要件設計と協働で品質をつくる。	役割分担と制作意図が共有されている案件	クリエイティブディレクション支援・制作進行	私的記録 | 働き方の条件
sample-constraint-force-consensus	constraint-force-consensus	自己観察	強い反対や利害対立を、自分の判断だけで押し切ることは難しい	できないこと・制約	仕事	関係者の納得や実行協力が必要な案件では、正しさだけで押し切るより、背景・選択肢・判断基準を整える方を選ぶ。	合意形成 | 調整 | 意思決定 | 利害	継続中		意見が割れる場面では、目的、譲れない条件、代替案、誰が決めるかを整理して合意形成を図る。	社内外の調整、イベント・広報案件の進行	本人	本人		本人の自己申告・会話ログをもとにした初期記録。必要に応じて更新する。			高い	本人中心	例外あり	決裁者が明確 | 共通目的がある | 選択肢を比較できる | 期限がある		4		0	3	3	2	0	0	強引さがないことは弱点にもなりうるが、実行段階まで協力を得るには必要な仕事の仕方でもある。	合意形成を重視しすぎると、決めるべき局面で結論が遅れる。	合意を取りに行く範囲と、決裁で決める範囲を最初に分ける。	まだ使わない	利害対立は押し切らず、判断条件と決裁を整える。	共通目的と決裁者が明確な場	ステークホルダー調整・合意形成	私的記録 | 働き方の条件
sample-constraint-low-feedback-long-work	constraint-low-feedback-long-work	自己観察	成果や反応が見えない長期作業に、モチベーションを保ち続けるのは難しい	できないこと・制約	学習	反応・締切・達成感が遠い作業は、価値を感じにくくなり、優先順位が下がりやすい。	モチベーション | 習慣 | 学習 | 可視化	継続中		長期の学習や改善は、小さな成果物、公開、記録、他者への共有を挟んで進捗を可視化する。	個人開発・学習・キャリア検討の自己観察	本人	本人		本人の自己申告・会話ログをもとにした初期記録。必要に応じて更新する。			高い	本人中心	例外あり	小さな成果物がある | 進捗が見える | 誰かに共有する | 区切りがある		3		0	2	0	2	0	1	外からの評価に依存するというより、手応えを測る装置がないと続きにくい。	反応を求めすぎると、短期的に目立つことへ寄り、長期の価値を見失う。	週ごとに「見える成果物」を一つ設定し、反応ではなく進捗で振り返る。	まだ使わない	反応が遠い長期作業は、進捗が見える形に変える。	小さな成果物と振り返りの区切りがあるとき	長期プロジェクトの自己管理	私的記録 | 働き方の条件
sample-constraint-push-through-sleep	constraint-push-through-sleep	自己観察	体調や睡眠の乱れを、気合だけで補う前提には置けない	できないこと・制約	健康	睡眠や身体の状態が崩れているとき、集中、細かな確認、対人の余裕を通常どおり出す前提は危険。	健康 | 睡眠 | 体調 | 品質管理	継続中		体調が不安定な日は、重要な判断や公開前確認を減らし、タスクを小さくし、必要なら周囲に共有する。	睡眠の中断や首・体の痛みに関する自己観察	本人	本人		本人の自己申告・会話ログをもとにした初期記録。必要に応じて更新する。			高い	本人中心	例外あり	回復時間がある | 作業量を調整できる | 重要判断を先送りできる | 相談できる		5		0	2	0	2	0	0	無理を押し切るより、コンディションを業務設計の変数として扱う方が、長期的には品質を守れる。	体調を理由に早く避けすぎると、必要な責任まで手放してしまう危険がある。	影響が大きい日だけ、タスクを「必須・可能なら・保留」に分ける。症状が続く場合は医療機関へ相談する。	まだ使わない	体調を気合で上書きせず、業務量と判断を調整する。	作業量・判断期限・相談先を調整できる環境	持続可能なパフォーマンス設計	私的記録 | 働き方の条件
